datetime,ticker,open,high,low,close,volume
2015-12-07 10:00:00,SBERP,7295,7417,7070,7295,180200
2015-12-07 10:01:00,SBERP,7305,7306,7293,7302,58800
2015-12-07 10:02:00,SBERP,7303,7322,7302,7309,28400
2015-12-07 10:03:00,SBERP,7309,7334,7309,7316,24200
2015-12-07 10:04:00,SBERP,7317,7317,7295,7298,12400
2015-12-07 10:05:00,SBERP,7305,7308,7293,7305,65600
2015-12-07 10:06:00,SBERP,7305,7314,7297,7297,17700
2015-12-07 10:07:00,SBERP,7314,7318,7308,7308,8300
2015-12-07 10:08:00,SBERP,7305,7309,7293,7308,33000
2015-12-07 10:09:00,SBERP,7303,7303,7226,7300,175400
2015-12-07 10:10:00,SBERP,7300,7304,7290,7303,22000
2015-12-07 10:11:00,SBERP,7301,7305,7297,7305,12400
2015-12-07 10:12:00,SBERP,7301,7301,7301,7301,2000
2015-12-07 10:13:00,SBERP,7301,7302,7200,7290,45300
2015-12-07 10:14:00,SBERP,7300,7309,7284,7309,181400
2015-12-07 10:15:00,SBERP,7308,7314,7304,7311,16300
2015-12-07 10:16:00,SBERP,7311,7311,7304,7311,7300
2015-12-07 10:17:00,SBERP,7309,7313,7309,7313,10200
2015-12-07 10:18:00,SBERP,7309,7323,7306,7318,55900
2015-12-07 10:19:00,SBERP,7316,7323,7316,7317,64600
2015-12-07 10:20:00,SBERP,7314,7338,7311,7331,92700
2015-12-07 10:21:00,SBERP,7328,7377,7309,7345,197300
2015-12-07 10:22:00,SBERP,7344,7345,7331,7337,67600
2015-12-07 10:23:00,SBERP,7337,7337,7327,7334,5600
2015-12-07 10:24:00,SBERP,7339,7363,7330,7345,72300
2015-12-07 10:25:00,SBERP,7345,7345,7329,7329,63000
2015-12-07 10:26:00,SBERP,7340,7453,7340,7343,37800
2015-12-07 10:27:00,SBERP,7340,7340,7330,7339,11400
2015-12-07 10:28:00,SBERP,7337,7344,7328,7333,31700
2015-12-07 10:29:00,SBERP,7328,7345,7328,7337,5200
2015-12-07 10:30:00,SBERP,7339,7339,7328,7330,19400
2015-12-07 10:31:00,SBERP,7329,7329,7323,7323,10000
2015-12-07 10:32:00,SBERP,7325,7331,7320,7323,26600
2015-12-07 10:33:00,SBERP,7323,7323,7311,7323,6400
2015-12-07 10:34:00,SBERP,7323,7325,7312,7317,19400
2015-12-07 10:35:00,SBERP,7317,7334,7316,7319,9800
2015-12-07 10:36:00,SBERP,7327,7333,7326,7326,13100
2015-12-07 10:37:00,SBERP,7327,7329,7319,7322,16000
2015-12-07 10:38:00,SBERP,7322,7322,7322,7322,0
2015-12-07 10:39:00,SBERP,7319,7339,7319,7330,27100
2015-12-07 10:40:00,SBERP,7330,7330,7330,7330,9000
2015-12-07 10:41:00,SBERP,7334,7348,7334,7337,24200
2015-12-07 10:42:00,SBERP,7337,7348,7337,7337,17400
2015-12-07 10:43:00,SBERP,7337,7353,7329,7329,18200
2015-12-07 10:44:00,SBERP,7337,7339,7337,7339,3000
2015-12-07 10:45:00,SBERP,7343,7363,7338,7338,189800
2015-12-07 10:46:00,SBERP,7345,7347,7342,7344,26400
2015-12-07 10:47:00,SBERP,7345,7355,7345,7345,10400
2015-12-07 10:48:00,SBERP,7352,7358,7345,7348,116800
2015-12-07 10:49:00,SBERP,7350,7400,7348,7352,71900
2015-12-07 10:50:00,SBERP,7354,7370,7352,7359,27300
2015-12-07 10:51:00,SBERP,7359,7437,7359,7366,15700
2015-12-07 10:52:00,SBERP,7370,7370,7359,7368,27500
2015-12-07 10:53:00,SBERP,7368,7376,7366,7368,52200
2015-12-07 10:54:00,SBERP,7391,7391,7306,7367,247800
2015-12-07 10:55:00,SBERP,7367,7372,7365,7370,31600
2015-12-07 10:56:00,SBERP,7372,7400,7370,7375,63700
2015-12-07 10:57:00,SBERP,7370,7376,7370,7375,36200
2015-12-07 10:58:00,SBERP,7375,7375,7367,7373,7000
2015-12-07 10:59:00,SBERP,7370,7375,7342,7375,64900
2015-12-07 11:00:00,SBERP,7373,7384,7364,7370,40300
2015-12-07 11:01:00,SBERP,7373,7375,7367,7375,57900
2015-12-07 11:02:00,SBERP,7375,7381,7358,7370,73100
2015-12-07 11:03:00,SBERP,7369,7373,7369,7373,13400
2015-12-07 11:04:00,SBERP,7368,7373,7358,7370,63800
2015-12-07 11:05:00,SBERP,7368,7370,7305,7370,18000
2015-12-07 11:06:00,SBERP,7368,7370,7358,7370,24500
2015-12-07 11:07:00,SBERP,7370,7376,7370,7376,58200
2015-12-07 11:08:00,SBERP,7375,7379,7372,7378,52800
2015-12-07 11:09:00,SBERP,7378,7390,7376,7380,58400
2015-12-07 11:10:00,SBERP,7376,7380,7359,7380,23300
2015-12-07 11:11:00,SBERP,7375,7380,7192,7380,28400
2015-12-07 11:12:00,SBERP,7380,7395,7380,7386,45800
2015-12-07 11:13:00,SBERP,7390,7390,7379,7386,27800
2015-12-07 11:14:00,SBERP,7379,7384,7375,7380,52600
2015-12-07 11:15:00,SBERP,7375,7395,7375,7386,48200
2015-12-07 11:16:00,SBERP,7383,7393,7378,7383,8100
2015-12-07 11:17:00,SBERP,7383,7393,7379,7381,12400
2015-12-07 11:18:00,SBERP,7380,7381,7377,7381,15700
2015-12-07 11:19:00,SBERP,7379,7379,7359,7373,56000
2015-12-07 11:20:00,SBERP,7370,7373,7287,7362,158300
2015-12-07 11:21:00,SBERP,7355,7368,7298,7358,47000
2015-12-07 11:22:00,SBERP,7356,7370,7356,7361,31000
2015-12-07 11:23:00,SBERP,7370,7370,7361,7361,400
2015-12-07 11:24:00,SBERP,7370,7370,7359,7363,31800
2015-12-07 11:25:00,SBERP,7363,7373,7363,7366,13200
2015-12-07 11:26:00,SBERP,7366,7400,7355,7370,28600
2015-12-07 11:27:00,SBERP,7365,7370,7351,7370,87000
2015-12-07 11:28:00,SBERP,7365,7369,7364,7364,5000
2015-12-07 11:29:00,SBERP,7358,7375,7348,7366,20400
2015-12-07 11:30:00,SBERP,7359,7363,7345,7359,5700
2015-12-07 11:31:00,SBERP,7355,7359,7344,7359,55000
2015-12-07 11:32:00,SBERP,7359,7370,7359,7366,49500
2015-12-07 11:33:00,SBERP,7364,7368,7361,7368,12600
2015-12-07 11:34:00,SBERP,7370,7448,7363,7376,28400
2015-12-07 11:35:00,SBERP,7375,7378,7375,7375,22100
2015-12-07 11:36:00,SBERP,7370,7377,7370,7375,2800
2015-12-07 11:37:00,SBERP,7377,7377,7373,7373,10000
2015-12-07 11:38:00,SBERP,7373,7377,7373,7375,24600
2015-12-07 11:39:00,SBERP,7373,7376,7373,7376,37500
2015-12-07 11:40:00,SBERP,7372,7375,7372,7375,600
2015-12-07 11:41:00,SBERP,7370,7370,7356,7369,20200
2015-12-07 11:42:00,SBERP,7359,7368,7359,7368,6800
2015-12-07 11:43:00,SBERP,7364,7377,7354,7377,96800
2015-12-07 11:44:00,SBERP,7375,7379,7373,7379,18600
2015-12-07 11:45:00,SBERP,7373,7379,7368,7379,16700
2015-12-07 11:46:00,SBERP,7373,7375,7367,7373,20800
2015-12-07 11:47:00,SBERP,7373,7373,7373,7373,0
2015-12-07 11:48:00,SBERP,7373,7380,7373,7379,17700
2015-12-07 11:49:00,SBERP,7372,7375,7362,7375,2400
2015-12-07 11:50:00,SBERP,7373,7375,7353,7373,10900
2015-12-07 11:51:00,SBERP,7370,7430,7364,7365,101100
2015-12-07 11:52:00,SBERP,7375,7375,7354,7373,20100
2015-12-07 11:53:00,SBERP,7367,7377,7353,7375,6200
2015-12-07 11:54:00,SBERP,7378,7378,7378,7378,2000
2015-12-07 11:55:00,SBERP,7370,7375,7356,7373,6800
2015-12-07 11:56:00,SBERP,7367,7379,7353,7370,4400
2015-12-07 11:57:00,SBERP,7370,7372,7351,7370,235000
2015-12-07 11:58:00,SBERP,7363,7370,7352,7368,44600
2015-12-07 11:59:00,SBERP,7363,7368,7348,7364,20800
2015-12-07 12:00:00,SBERP,7359,7372,7348,7372,63800
2015-12-07 12:01:00,SBERP,7370,7380,7351,7368,44400
2015-12-07 12:02:00,SBERP,7363,7455,7353,7384,220200
2015-12-07 12:03:00,SBERP,7380,7380,7367,7367,14500
2015-12-07 12:04:00,SBERP,7376,7376,7365,7375,28200
2015-12-07 12:05:00,SBERP,7375,7375,7370,7375,82400
2015-12-07 12:06:00,SBERP,7380,7390,7380,7380,27200
2015-12-07 12:07:00,SBERP,7373,7373,7370,7370,1000
2015-12-07 12:08:00,SBERP,7384,7395,7379,7380,144600
2015-12-07 12:09:00,SBERP,7384,7684,7372,7397,259600
2015-12-07 12:10:00,SBERP,7404,7415,7377,7413,70600
2015-12-07 12:11:00,SBERP,7415,7425,7412,7422,46100
2015-12-07 12:12:00,SBERP,7420,7433,7350,7411,51700
2015-12-07 12:13:00,SBERP,7411,7412,7409,7409,65000
2015-12-07 12:14:00,SBERP,7405,7411,7393,7409,16100
2015-12-07 12:15:00,SBERP,7405,7405,7383,7383,30200
2015-12-07 12:16:00,SBERP,7393,7404,7383,7384,18000
2015-12-07 12:17:00,SBERP,7394,7397,7381,7381,17000
2015-12-07 12:18:00,SBERP,7392,7393,7361,7379,34400
2015-12-07 12:19:00,SBERP,7390,7394,7361,7381,55500
2015-12-07 12:20:00,SBERP,7381,7381,7303,7375,66600
2015-12-07 12:21:00,SBERP,7373,7378,7356,7356,47400
2015-12-07 12:22:00,SBERP,7367,7377,7354,7373,79300
2015-12-07 12:23:00,SBERP,7370,7375,7352,7367,89700
2015-12-07 12:24:00,SBERP,7362,7367,7350,7367,76400
2015-12-07 12:25:00,SBERP,7365,7380,7361,7375,70600
2015-12-07 12:26:00,SBERP,7373,7379,7363,7363,25400
2015-12-07 12:27:00,SBERP,7373,7375,7354,7370,70400
2015-12-07 12:28:00,SBERP,7370,7375,7331,7362,105500
2015-12-07 12:29:00,SBERP,7362,7372,7345,7363,139000
2015-12-07 12:30:00,SBERP,7355,7359,7300,7342,170000
2015-12-07 12:31:00,SBERP,7338,7348,7284,7338,233800
2015-12-07 12:32:00,SBERP,7338,7340,7330,7340,13200
2015-12-07 12:33:00,SBERP,7341,7352,7328,7328,47700
2015-12-07 12:34:00,SBERP,7338,7345,7328,7344,9100
2015-12-07 12:35:00,SBERP,7344,7365,7340,7355,46400
2015-12-07 12:36:00,SBERP,7351,7520,7341,7358,81800
2015-12-07 12:37:00,SBERP,7355,7355,7342,7355,15000
2015-12-07 12:38:00,SBERP,7359,7379,7344,7344,8400
2015-12-07 12:39:00,SBERP,7355,7355,7319,7339,46700
2015-12-07 12:40:00,SBERP,7339,7359,7334,7351,11900
2015-12-07 12:41:00,SBERP,7356,7356,7333,7334,12700
2015-12-07 12:42:00,SBERP,7353,7358,7339,7358,6600
2015-12-07 12:43:00,SBERP,7352,7352,7333,7348,16200
2015-12-07 12:44:00,SBERP,7343,7350,7333,7350,4300
2015-12-07 12:45:00,SBERP,7350,7350,7334,7334,14400
2015-12-07 12:46:00,SBERP,7345,7348,7333,7348,7800
2015-12-07 12:47:00,SBERP,7343,7344,7331,7331,47200
2015-12-07 12:48:00,SBERP,7341,7344,7330,7344,10400
2015-12-07 12:49:00,SBERP,7340,7344,7329,7344,4200
2015-12-07 12:50:00,SBERP,7339,7352,7322,7331,65800
2015-12-07 12:51:00,SBERP,7331,7339,7275,7325,125100
2015-12-07 12:52:00,SBERP,7325,7336,7312,7322,41900
2015-12-07 12:53:00,SBERP,7323,7333,7313,7313,25600
2015-12-07 12:54:00,SBERP,7327,7331,7316,7331,7800
2015-12-07 12:55:00,SBERP,7327,7330,7313,7313,62900
2015-12-07 12:56:00,SBERP,7323,7323,7305,7318,76100
2015-12-07 12:57:00,SBERP,7314,7320,7302,7311,13400
2015-12-07 12:58:00,SBERP,7311,7320,7297,7313,108800
2015-12-07 12:59:00,SBERP,7306,7320,7304,7304,64500
2015-12-07 13:00:00,SBERP,7320,7320,7302,7311,70600
2015-12-07 13:01:00,SBERP,7311,7330,7311,7323,3800
2015-12-07 13:02:00,SBERP,7320,7323,7306,7306,56800
2015-12-07 13:03:00,SBERP,7318,7320,7317,7319,13000
2015-12-07 13:04:00,SBERP,7320,7323,7298,7298,34100
2015-12-07 13:05:00,SBERP,7309,7336,7298,7316,41500
2015-12-07 13:06:00,SBERP,7331,7334,7331,7334,3200
2015-12-07 13:07:00,SBERP,7333,7343,7333,7333,300
2015-12-07 13:08:00,SBERP,7333,7333,7319,7319,19800
2015-12-07 13:09:00,SBERP,7319,7319,7319,7319,0
2015-12-07 13:10:00,SBERP,7333,7345,7333,7338,43200
2015-12-07 13:11:00,SBERP,7336,7337,7318,7337,19200
2015-12-07 13:12:00,SBERP,7329,7348,7322,7328,14500
2015-12-07 13:13:00,SBERP,7338,7345,7327,7341,10800
2015-12-07 13:14:00,SBERP,7337,7345,7328,7345,13300
2015-12-07 13:15:00,SBERP,7339,7350,7329,7344,3800
2015-12-07 13:16:00,SBERP,7339,7345,7329,7330,16100
2015-12-07 13:17:00,SBERP,7341,7341,7330,7330,2600
2015-12-07 13:18:00,SBERP,7340,7340,7329,7329,18400
2015-12-07 13:19:00,SBERP,7339,7339,7334,7334,27200
2015-12-07 13:20:00,SBERP,7341,7342,7334,7342,2100
2015-12-07 13:21:00,SBERP,7342,7344,7330,7344,5000
2015-12-07 13:22:00,SBERP,7341,7341,7331,7340,9400
2015-12-07 13:23:00,SBERP,7340,7481,7336,7344,101500
2015-12-07 13:24:00,SBERP,7344,7348,7343,7348,36800
2015-12-07 13:25:00,SBERP,7341,7341,7340,7340,20100
2015-12-07 13:26:00,SBERP,7337,7337,7337,7337,14700
2015-12-07 13:27:00,SBERP,7338,7343,7334,7334,30400
2015-12-07 13:28:00,SBERP,7340,7340,7340,7340,300
2015-12-07 13:29:00,SBERP,7340,7345,7340,7345,1300
2015-12-07 13:30:00,SBERP,7345,7345,7345,7345,0
2015-12-07 13:31:00,SBERP,7345,7345,7345,7345,0
2015-12-07 13:32:00,SBERP,7340,7340,7318,7329,9600
2015-12-07 13:33:00,SBERP,7329,7333,7329,7333,900
2015-12-07 13:34:00,SBERP,7329,7329,7329,7329,1600
2015-12-07 13:35:00,SBERP,7329,7329,7319,7323,62800
2015-12-07 13:36:00,SBERP,7329,7339,7329,7339,20000
2015-12-07 13:37:00,SBERP,7345,7350,7345,7345,12400
2015-12-07 13:38:00,SBERP,7348,7359,7342,7348,8100
2015-12-07 13:39:00,SBERP,7343,7353,7336,7345,9600
2015-12-07 13:40:00,SBERP,7345,7348,7330,7330,10800
2015-12-07 13:41:00,SBERP,7341,7341,7323,7323,68400
2015-12-07 13:42:00,SBERP,7339,7347,7331,7347,2200
2015-12-07 13:43:00,SBERP,7343,7343,7333,7333,1000
2015-12-07 13:44:00,SBERP,7333,7333,7333,7333,0
2015-12-07 13:45:00,SBERP,7333,7333,7333,7333,0
2015-12-07 13:46:00,SBERP,7343,7343,7325,7325,15000
2015-12-07 13:47:00,SBERP,7334,7334,7323,7334,13000
2015-12-07 13:48:00,SBERP,7339,7340,7329,7339,4600
2015-12-07 13:49:00,SBERP,7336,7336,7326,7334,7000
2015-12-07 13:50:00,SBERP,7334,7334,7325,7325,6000
2015-12-07 13:51:00,SBERP,7339,7339,7325,7325,3000
2015-12-07 13:52:00,SBERP,7341,7345,7325,7345,35000
2015-12-07 13:53:00,SBERP,7345,7425,7345,7354,20000
2015-12-07 13:54:00,SBERP,7345,7345,7336,7343,3800
2015-12-07 13:55:00,SBERP,7345,7347,7334,7347,2000
2015-12-07 13:56:00,SBERP,7345,7348,7334,7348,2200
2015-12-07 13:57:00,SBERP,7348,7420,7348,7353,1000
2015-12-07 13:58:00,SBERP,7353,7353,7353,7353,0
2015-12-07 13:59:00,SBERP,7354,7354,7339,7339,4400
2015-12-07 14:00:00,SBERP,7339,7339,7339,7339,0
2015-12-07 14:01:00,SBERP,7350,7378,7344,7348,24000
2015-12-07 14:02:00,SBERP,7348,7353,7348,7353,1000
2015-12-07 14:03:00,SBERP,7353,7353,7353,7353,100
2015-12-07 14:04:00,SBERP,7355,7375,7340,7355,7000
2015-12-07 14:05:00,SBERP,7359,7366,7334,7334,31100
2015-12-07 14:06:00,SBERP,7344,7344,7327,7327,14200
2015-12-07 14:07:00,SBERP,7337,7337,7327,7327,2200
2015-12-07 14:08:00,SBERP,7327,7327,7327,7327,0
2015-12-07 14:09:00,SBERP,7343,7350,7343,7350,1000
2015-12-07 14:10:00,SBERP,7344,7344,7334,7344,6000
2015-12-07 14:11:00,SBERP,7344,7344,7344,7344,1400
2015-12-07 14:12:00,SBERP,7344,7344,7344,7344,0
2015-12-07 14:13:00,SBERP,7348,7348,7348,7348,2000
2015-12-07 14:14:00,SBERP,7345,7345,7329,7329,41200
2015-12-07 14:15:00,SBERP,7341,7341,7329,7329,12900
2015-12-07 14:16:00,SBERP,7339,7343,7325,7331,33700
2015-12-07 14:17:00,SBERP,7341,7343,7328,7330,32400
2015-12-07 14:18:00,SBERP,7345,7348,7331,7342,13400
2015-12-07 14:19:00,SBERP,7343,7343,7343,7343,4000
2015-12-07 14:20:00,SBERP,7348,7348,7334,7345,12500
2015-12-07 14:21:00,SBERP,7345,7345,7341,7341,1100
2015-12-07 14:22:00,SBERP,7340,7340,7337,7338,11800
2015-12-07 14:23:00,SBERP,7338,7343,7338,7343,1600
2015-12-07 14:24:00,SBERP,7343,7343,7343,7343,0
2015-12-07 14:25:00,SBERP,7343,7343,7343,7343,0
2015-12-07 14:26:00,SBERP,7347,7347,7341,7341,13800
2015-12-07 14:27:00,SBERP,7347,7347,7347,7347,200
2015-12-07 14:28:00,SBERP,7347,7347,7347,7347,0
2015-12-07 14:29:00,SBERP,7347,7347,7347,7347,0
2015-12-07 14:30:00,SBERP,7352,7352,7351,7351,6000
2015-12-07 14:31:00,SBERP,7351,7351,7351,7351,0
2015-12-07 14:32:00,SBERP,7351,7351,7351,7351,0
2015-12-07 14:33:00,SBERP,7351,7351,7351,7351,0
2015-12-07 14:34:00,SBERP,7348,7356,7331,7331,4000
2015-12-07 14:35:00,SBERP,7345,7347,7320,7320,53800
2015-12-07 14:36:00,SBERP,7331,7331,7317,7318,49000
2015-12-07 14:37:00,SBERP,7334,7334,7323,7323,5200
2015-12-07 14:38:00,SBERP,7323,7323,7323,7323,0
2015-12-07 14:39:00,SBERP,7323,7323,7323,7323,0
2015-12-07 14:40:00,SBERP,7334,7334,7334,7334,1000
2015-12-07 14:41:00,SBERP,7337,7339,7337,7339,2200
2015-12-07 14:42:00,SBERP,7340,7348,7340,7347,3000
2015-12-07 14:43:00,SBERP,7348,7348,7334,7334,10200
2015-12-07 14:44:00,SBERP,7345,7348,7344,7348,3800
2015-12-07 14:45:00,SBERP,7347,7354,7347,7354,10700
2015-12-07 14:46:00,SBERP,7353,7376,7353,7363,50400
2015-12-07 14:47:00,SBERP,7362,7362,7356,7356,42700
2015-12-07 14:48:00,SBERP,7359,7375,7359,7366,5600
2015-12-07 14:49:00,SBERP,7364,7381,7362,7381,68000
2015-12-07 14:50:00,SBERP,7370,7391,7370,7381,121300
2015-12-07 14:51:00,SBERP,7377,7377,7338,7368,15800
2015-12-07 14:52:00,SBERP,7368,7368,7368,7368,200
2015-12-07 14:53:00,SBERP,7369,7369,7369,7369,600
2015-12-07 14:54:00,SBERP,7372,7380,7372,7380,24300
2015-12-07 14:55:00,SBERP,7381,7463,7370,7398,203600
2015-12-07 14:56:00,SBERP,7398,7398,7393,7393,27400
2015-12-07 14:57:00,SBERP,7393,7393,7393,7393,0
2015-12-07 14:58:00,SBERP,7387,7393,7384,7384,26100
2015-12-07 14:59:00,SBERP,7381,7381,7378,7378,37900
2015-12-07 15:00:00,SBERP,7380,7400,7380,7390,17800
2015-12-07 15:01:00,SBERP,7392,7406,7381,7397,10800
2015-12-07 15:02:00,SBERP,7391,7706,7381,7420,340100
2015-12-07 15:03:00,SBERP,7437,7570,7418,7428,236200
2015-12-07 15:04:00,SBERP,7427,7467,7423,7430,46800
2015-12-07 15:05:00,SBERP,7433,7433,7427,7427,43300
2015-12-07 15:06:00,SBERP,7427,7427,7415,7415,67600
2015-12-07 15:07:00,SBERP,7416,7418,7415,7418,8700
2015-12-07 15:08:00,SBERP,7418,7423,7415,7423,33200
2015-12-07 15:09:00,SBERP,7417,7420,7417,7420,600
2015-12-07 15:10:00,SBERP,7422,7439,7422,7434,68000
2015-12-07 15:11:00,SBERP,7431,7439,7418,7420,34900
2015-12-07 15:12:00,SBERP,7419,7420,7419,7419,2400
2015-12-07 15:13:00,SBERP,7422,7431,7420,7427,42800
2015-12-07 15:14:00,SBERP,7427,7434,7427,7431,39000
2015-12-07 15:15:00,SBERP,7431,7438,7431,7434,12700
2015-12-07 15:16:00,SBERP,7440,7490,7436,7444,28200
2015-12-07 15:17:00,SBERP,7440,7451,7436,7450,112200
2015-12-07 15:18:00,SBERP,7450,7450,7441,7448,12300
2015-12-07 15:19:00,SBERP,7451,7451,7447,7447,59000
2015-12-07 15:20:00,SBERP,7459,7533,7452,7459,132400
2015-12-07 15:21:00,SBERP,7459,7462,7453,7453,43100
2015-12-07 15:22:00,SBERP,7445,7450,7438,7438,56600
2015-12-07 15:23:00,SBERP,7500,7500,7443,7450,12700
2015-12-07 15:24:00,SBERP,7450,7454,7448,7448,2900
2015-12-07 15:25:00,SBERP,7450,7450,7442,7442,2000
2015-12-07 15:26:00,SBERP,7450,7450,7450,7450,200
2015-12-07 15:27:00,SBERP,7454,7454,7441,7454,7300
2015-12-07 15:28:00,SBERP,7454,7454,7448,7448,22300
2015-12-07 15:29:00,SBERP,7451,7451,7450,7451,3400
2015-12-07 15:30:00,SBERP,7459,7468,7452,7456,56000
2015-12-07 15:31:00,SBERP,7459,7459,7450,7452,10400
2015-12-07 15:32:00,SBERP,7458,7467,7452,7459,12700
2015-12-07 15:33:00,SBERP,7459,7459,7454,7454,7200
2015-12-07 15:34:00,SBERP,7452,7452,7345,7400,8400
2015-12-07 15:35:00,SBERP,7438,7438,7434,7438,1500
2015-12-07 15:36:00,SBERP,7444,7451,7444,7450,63000
2015-12-07 15:37:00,SBERP,7443,7467,7443,7445,6500
2015-12-07 15:38:00,SBERP,7443,7443,7443,7443,2000
2015-12-07 15:39:00,SBERP,7445,7448,7445,7448,3400
2015-12-07 15:40:00,SBERP,7445,7450,7445,7450,73300
2015-12-07 15:41:00,SBERP,7455,7459,7455,7459,4700
2015-12-07 15:42:00,SBERP,7459,7459,7459,7459,0
2015-12-07 15:43:00,SBERP,7455,7455,7455,7455,3800
2015-12-07 15:44:00,SBERP,7465,7465,7458,7458,400
2015-12-07 15:45:00,SBERP,7465,7465,7456,7458,22000
2015-12-07 15:46:00,SBERP,7458,7458,7458,7458,0
2015-12-07 15:47:00,SBERP,7455,7456,7452,7452,4600
2015-12-07 15:48:00,SBERP,7458,7458,7450,7450,1700
2015-12-07 15:49:00,SBERP,7458,7458,7458,7458,200
2015-12-07 15:50:00,SBERP,7456,7456,7442,7445,24000
2015-12-07 15:51:00,SBERP,7444,7445,7444,7445,41800
2015-12-07 15:52:00,SBERP,7443,7443,7442,7442,4400
2015-12-07 15:53:00,SBERP,7438,7456,7438,7438,43800
2015-12-07 15:54:00,SBERP,7443,7443,7440,7443,48700
2015-12-07 15:55:00,SBERP,7443,7443,7443,7443,0
2015-12-07 15:56:00,SBERP,7441,7443,7441,7442,4600
2015-12-07 15:57:00,SBERP,7438,7438,7434,7434,11200
2015-12-07 15:58:00,SBERP,7434,7434,7431,7431,31800
2015-12-07 15:59:00,SBERP,7434,7436,7431,7431,1900
2015-12-07 16:00:00,SBERP,7434,7442,7423,7425,116200
2015-12-07 16:01:00,SBERP,7425,7425,7408,7408,29100
2015-12-07 16:02:00,SBERP,7415,7437,7412,7431,82200
2015-12-07 16:03:00,SBERP,7431,7431,7431,7431,0
2015-12-07 16:04:00,SBERP,7431,7431,7431,7431,0
2015-12-07 16:05:00,SBERP,7433,7433,7433,7433,19200
2015-12-07 16:06:00,SBERP,7426,7426,7426,7426,29600
2015-12-07 16:07:00,SBERP,7427,7433,7427,7433,24500
2015-12-07 16:08:00,SBERP,7433,7433,7433,7433,0
2015-12-07 16:09:00,SBERP,7429,7433,7429,7433,1200
2015-12-07 16:10:00,SBERP,7433,7433,7433,7433,0
2015-12-07 16:11:00,SBERP,7433,7433,7433,7433,0
2015-12-07 16:12:00,SBERP,7433,7433,7433,7433,0
2015-12-07 16:13:00,SBERP,7434,7434,7434,7434,5400
2015-12-07 16:14:00,SBERP,7436,7442,7434,7434,10300
2015-12-07 16:15:00,SBERP,7442,7451,7434,7443,22900
2015-12-07 16:16:00,SBERP,7440,7440,7440,7440,7800
2015-12-07 16:17:00,SBERP,7440,7440,7440,7440,0
2015-12-07 16:18:00,SBERP,7440,7440,7439,7439,24000
2015-12-07 16:19:00,SBERP,7439,7439,7439,7439,0
2015-12-07 16:20:00,SBERP,7444,7444,7429,7439,42800
2015-12-07 16:21:00,SBERP,7439,7442,7400,7430,47400
2015-12-07 16:22:00,SBERP,7439,7439,7439,7439,1400
2015-12-07 16:23:00,SBERP,7436,7436,7436,7436,39400
2015-12-07 16:24:00,SBERP,7436,7436,7436,7436,0
2015-12-07 16:25:00,SBERP,7437,7443,7437,7443,1200
2015-12-07 16:26:00,SBERP,7443,7445,7443,7445,1500
2015-12-07 16:27:00,SBERP,7442,7442,7442,7442,3800
2015-12-07 16:28:00,SBERP,7442,7447,7426,7426,7700
2015-12-07 16:29:00,SBERP,7437,7573,7428,7429,38400
2015-12-07 16:30:00,SBERP,7431,7431,7431,7431,500
2015-12-07 16:31:00,SBERP,7431,7439,7364,7365,14000
2015-12-07 16:32:00,SBERP,7431,7431,7365,7365,5200
2015-12-07 16:33:00,SBERP,7437,7437,7365,7366,3400
2015-12-07 16:34:00,SBERP,7366,7366,7366,7366,0
2015-12-07 16:35:00,SBERP,7366,7366,7366,7366,0
2015-12-07 16:36:00,SBERP,7429,7429,7362,7426,59100
2015-12-07 16:37:00,SBERP,7426,7430,7361,7426,9200
2015-12-07 16:38:00,SBERP,7425,7425,7361,7415,15900
2015-12-07 16:39:00,SBERP,7415,7415,7359,7412,9200
2015-12-07 16:40:00,SBERP,7409,7419,7358,7419,7800
2015-12-07 16:41:00,SBERP,7414,7420,7356,7356,25400
2015-12-07 16:42:00,SBERP,7356,7356,7356,7356,0
2015-12-07 16:43:00,SBERP,7418,7418,7408,7408,1800
2015-12-07 16:44:00,SBERP,7418,7418,7356,7415,6200
2015-12-07 16:45:00,SBERP,7415,7434,7356,7426,8000
2015-12-07 16:46:00,SBERP,7420,7420,7356,7406,3200
2015-12-07 16:47:00,SBERP,7417,7417,7350,7384,68800
2015-12-07 16:48:00,SBERP,7393,7404,7348,7397,63000
2015-12-07 16:49:00,SBERP,7392,7395,7347,7395,8000
2015-12-07 16:50:00,SBERP,7395,7409,7319,7345,32800
2015-12-07 16:51:00,SBERP,7393,7397,7344,7397,7300
2015-12-07 16:52:00,SBERP,7392,7392,7344,7386,27200
2015-12-07 16:53:00,SBERP,7388,7388,7342,7381,48300
2015-12-07 16:54:00,SBERP,7384,7384,7339,7365,30400
2015-12-07 16:55:00,SBERP,7375,7380,7334,7380,81400
2015-12-07 16:56:00,SBERP,7376,7388,7331,7331,43600
2015-12-07 16:57:00,SBERP,7390,7390,7331,7331,14400
2015-12-07 16:58:00,SBERP,7381,7381,7326,7372,173900
2015-12-07 16:59:00,SBERP,7365,7373,7162,7363,140500
2015-12-07 17:00:00,SBERP,7365,7376,7318,7364,102400
2015-12-07 17:01:00,SBERP,7379,7394,7313,7367,259600
2015-12-07 17:02:00,SBERP,7367,7370,7313,7313,26200
2015-12-07 17:03:00,SBERP,7398,7398,7313,7313,22300
2015-12-07 17:04:00,SBERP,7359,7359,7286,7359,11000
2015-12-07 17:05:00,SBERP,7361,7364,7309,7309,124600
2015-12-07 17:06:00,SBERP,7359,7365,7309,7365,20200
2015-12-07 17:07:00,SBERP,7365,7373,7309,7363,46000
2015-12-07 17:08:00,SBERP,7356,7372,7309,7363,58600
2015-12-07 17:09:00,SBERP,7356,7356,7308,7308,62400
2015-12-07 17:10:00,SBERP,7352,7359,7300,7345,101800
2015-12-07 17:11:00,SBERP,7347,7364,7347,7353,1000
2015-12-07 17:12:00,SBERP,7364,7365,7353,7355,9800
2015-12-07 17:13:00,SBERP,7352,7355,7347,7347,21800
2015-12-07 17:14:00,SBERP,7347,7347,7347,7347,0
2015-12-07 17:15:00,SBERP,7355,7370,7348,7359,16400
2015-12-07 17:16:00,SBERP,7363,7363,7362,7363,36000
2015-12-07 17:17:00,SBERP,7361,7361,7361,7361,800
2015-12-07 17:18:00,SBERP,7356,7365,7347,7365,40200
2015-12-07 17:19:00,SBERP,7365,7366,7365,7366,1000
2015-12-07 17:20:00,SBERP,7368,7370,7367,7367,3000
2015-12-07 17:21:00,SBERP,7368,7370,7368,7369,11200
2015-12-07 17:22:00,SBERP,7370,7373,7350,7370,1700
2015-12-07 17:23:00,SBERP,7370,7373,7370,7373,1100
2015-12-07 17:24:00,SBERP,7373,7373,7370,7373,40400
2015-12-07 17:25:00,SBERP,7373,7373,7372,7373,8400
2015-12-07 17:26:00,SBERP,7373,7373,7368,7368,18800
2015-12-07 17:27:00,SBERP,7368,7368,7368,7368,0
2015-12-07 17:28:00,SBERP,7370,7370,7370,7370,6800
2015-12-07 17:29:00,SBERP,7370,7370,7370,7370,0
2015-12-07 17:30:00,SBERP,7370,7370,7370,7370,2800
2015-12-07 17:31:00,SBERP,7372,7373,7368,7368,28400
2015-12-07 17:32:00,SBERP,7367,7370,7364,7370,11500
2015-12-07 17:33:00,SBERP,7370,7370,7350,7350,13400
2015-12-07 17:34:00,SBERP,7368,7369,7368,7369,1000
2015-12-07 17:35:00,SBERP,7365,7365,7341,7342,19400
2015-12-07 17:36:00,SBERP,7351,7351,7295,7328,77000
2015-12-07 17:37:00,SBERP,7337,7347,7327,7347,16300
2015-12-07 17:38:00,SBERP,7350,7351,7343,7343,57800
2015-12-07 17:39:00,SBERP,7343,7362,7343,7356,9300
2015-12-07 17:40:00,SBERP,7356,7356,7334,7336,29400
2015-12-07 17:41:00,SBERP,7345,7352,7336,7342,7200
2015-12-07 17:42:00,SBERP,7352,7356,7339,7339,88500
2015-12-07 17:43:00,SBERP,7350,7355,7340,7340,4000
2015-12-07 17:44:00,SBERP,7350,7354,7336,7337,18400
2015-12-07 17:45:00,SBERP,7345,7350,7336,7350,2400
2015-12-07 17:46:00,SBERP,7351,7356,7350,7355,26800
2015-12-07 17:47:00,SBERP,7352,7352,7338,7338,18200
2015-12-07 17:48:00,SBERP,7350,7350,7344,7344,10600
2015-12-07 17:49:00,SBERP,7343,7344,7333,7333,12600
2015-12-07 17:50:00,SBERP,7345,7363,7334,7347,6000
2015-12-07 17:51:00,SBERP,7347,7352,7347,7352,2500
2015-12-07 17:52:00,SBERP,7355,7359,7355,7358,2400
2015-12-07 17:53:00,SBERP,7363,7365,7363,7365,1000
2015-12-07 17:54:00,SBERP,7364,7373,7352,7361,74800
2015-12-07 17:55:00,SBERP,7361,7361,7361,7361,600
2015-12-07 17:56:00,SBERP,7363,7363,7363,7363,900
2015-12-07 17:57:00,SBERP,7364,7364,7364,7364,7600
2015-12-07 17:58:00,SBERP,7362,7362,7362,7362,24200
2015-12-07 17:59:00,SBERP,7365,7365,7361,7361,21500
2015-12-07 18:00:00,SBERP,7361,7362,7347,7347,13900
2015-12-07 18:01:00,SBERP,7359,7365,7348,7363,181500
2015-12-07 18:02:00,SBERP,7369,7472,7369,7376,39000
2015-12-07 18:03:00,SBERP,7377,7379,7373,7373,45000
2015-12-07 18:04:00,SBERP,7373,7373,7373,7373,100
2015-12-07 18:05:00,SBERP,7373,7373,7361,7370,79000
2015-12-07 18:06:00,SBERP,7370,7381,7359,7375,27400
2015-12-07 18:07:00,SBERP,7375,7377,7365,7377,20000
2015-12-07 18:08:00,SBERP,7377,7381,7370,7373,48200
2015-12-07 18:09:00,SBERP,7373,7373,7340,7373,149600
2015-12-07 18:10:00,SBERP,7370,7373,7368,7370,18800
2015-12-07 18:11:00,SBERP,7370,7377,7370,7370,34000
2015-12-07 18:12:00,SBERP,7372,7372,7367,7370,36200
2015-12-07 18:13:00,SBERP,7370,7372,7363,7372,87800
2015-12-07 18:14:00,SBERP,7370,7373,7362,7370,74600
2015-12-07 18:15:00,SBERP,7370,7373,7361,7372,20000
2015-12-07 18:16:00,SBERP,7372,7373,7367,7367,16000
2015-12-07 18:17:00,SBERP,7370,7370,7370,7370,600
2015-12-07 18:18:00,SBERP,7370,7370,7365,7365,52800
2015-12-07 18:19:00,SBERP,7363,7366,7330,7363,12800
2015-12-07 18:20:00,SBERP,7361,7361,7356,7356,4400
2015-12-07 18:21:00,SBERP,7359,7359,7348,7348,34000
2015-12-07 18:22:00,SBERP,7358,7358,7320,7354,8600
2015-12-07 18:23:00,SBERP,7356,7356,7343,7351,54000
2015-12-07 18:24:00,SBERP,7356,7356,7356,7356,600
2015-12-07 18:25:00,SBERP,7355,7355,7355,7355,20200
2015-12-07 18:26:00,SBERP,7355,7356,7345,7356,12000
2015-12-07 18:27:00,SBERP,7356,7356,7355,7355,1000
2015-12-07 18:28:00,SBERP,7356,7356,7342,7342,3000
2015-12-07 18:29:00,SBERP,7352,7353,7337,7350,21900
2015-12-07 18:30:00,SBERP,7354,7362,7341,7359,90200
2015-12-07 18:31:00,SBERP,7364,7376,7345,7370,65900
2015-12-07 18:32:00,SBERP,7370,7377,7361,7361,89200
2015-12-07 18:33:00,SBERP,7372,7384,7368,7380,54500
2015-12-07 18:34:00,SBERP,7380,7380,7366,7380,60500
2015-12-07 18:35:00,SBERP,7380,7381,7370,7380,42200
2015-12-07 18:36:00,SBERP,7381,7387,7375,7375,44800
2015-12-07 18:37:00,SBERP,7384,7393,7375,7390,128200
2015-12-07 18:38:00,SBERP,7390,7391,7367,7367,117600
2015-12-07 18:39:00,SBERP,7381,7484,7348,7377,63700
2015-12-08 10:00:00,SBERP,7358,7465,7077,7379,52400
2015-12-08 10:01:00,SBERP,7373,7381,7352,7376,52400
2015-12-08 10:02:00,SBERP,7375,7392,7350,7365,33800
2015-12-08 10:03:00,SBERP,7364,7375,7351,7369,9900
2015-12-08 10:04:00,SBERP,7359,7572,7347,7359,45900
2015-12-08 10:05:00,SBERP,7356,7356,7340,7340,5500
2015-12-08 10:06:00,SBERP,7347,7347,7325,7334,22000
2015-12-08 10:07:00,SBERP,7334,7334,7297,7317,74300
2015-12-08 10:08:00,SBERP,7317,7320,7009,7313,179500
2015-12-08 10:09:00,SBERP,7313,7318,7300,7303,37500
2015-12-08 10:10:00,SBERP,7313,7319,7300,7315,86300
2015-12-08 10:11:00,SBERP,7325,7330,7305,7330,58500
2015-12-08 10:12:00,SBERP,7327,7501,7306,7325,20100
2015-12-08 10:13:00,SBERP,7319,7338,7315,7331,23400
2015-12-08 10:14:00,SBERP,7331,7334,7331,7331,39200
2015-12-08 10:15:00,SBERP,7331,7345,7331,7331,4100
2015-12-08 10:16:00,SBERP,7331,7334,7317,7326,25200
2015-12-08 10:17:00,SBERP,7328,7334,7234,7333,21300
2015-12-08 10:18:00,SBERP,7334,7334,7316,7319,64600
2015-12-08 10:19:00,SBERP,7319,7319,7319,7319,4600
2015-12-08 10:20:00,SBERP,7328,7338,7328,7338,30100
2015-12-08 10:21:00,SBERP,7339,7400,7330,7345,42800
2015-12-08 10:22:00,SBERP,7345,7347,7331,7331,10300
2015-12-08 10:23:00,SBERP,7350,7350,7337,7350,69200
2015-12-08 10:24:00,SBERP,7347,7364,7347,7364,22900
2015-12-08 10:25:00,SBERP,7359,7365,7359,7361,14200
2015-12-08 10:26:00,SBERP,7359,7359,7353,7354,32200
2015-12-08 10:27:00,SBERP,7356,7359,7356,7359,900
2015-12-08 10:28:00,SBERP,7359,7359,7292,7345,25600
2015-12-08 10:29:00,SBERP,7345,7356,7345,7352,10300
2015-12-08 10:30:00,SBERP,7348,7348,7327,7327,14200
2015-12-08 10:31:00,SBERP,7334,7337,7320,7337,64800
2015-12-08 10:32:00,SBERP,7334,7338,6956,6956,57800
2015-12-08 10:33:00,SBERP,7323,7326,6951,7319,23700
2015-12-08 10:34:00,SBERP,7330,7339,7328,7336,48700
2015-12-08 10:35:00,SBERP,7350,7350,7330,7334,700
2015-12-08 10:36:00,SBERP,7338,7341,7337,7341,1600
2015-12-08 10:37:00,SBERP,7345,7352,7337,7350,155400
2015-12-08 10:38:00,SBERP,7350,7353,7339,7351,58000
2015-12-08 10:39:00,SBERP,7351,7356,7319,7348,172600
2015-12-08 10:40:00,SBERP,7348,7362,7348,7355,70200
2015-12-08 10:41:00,SBERP,7355,7355,7317,7339,140400
2015-12-08 10:42:00,SBERP,7348,7367,7339,7356,75600
2015-12-08 10:43:00,SBERP,7366,7366,7350,7350,1100
2015-12-08 10:44:00,SBERP,7350,7354,7319,7348,180400
2015-12-08 10:45:00,SBERP,7348,7368,7327,7344,96600
2015-12-08 10:46:00,SBERP,7337,7344,7320,7331,6000
2015-12-08 10:47:00,SBERP,7331,7331,7309,7328,57000
2015-12-08 10:48:00,SBERP,7331,7356,7327,7341,7700
2015-12-08 10:49:00,SBERP,7338,7359,7338,7344,7200
2015-12-08 10:50:00,SBERP,7334,7353,7334,7339,20800
2015-12-08 10:51:00,SBERP,7340,7348,7334,7334,31800
2015-12-08 10:52:00,SBERP,7331,7345,7318,7325,24800
2015-12-08 10:53:00,SBERP,7327,7331,7314,7323,16800
2015-12-08 10:54:00,SBERP,7325,7331,7306,7320,31200
2015-12-08 10:55:00,SBERP,7327,7327,7317,7323,4000
2015-12-08 10:56:00,SBERP,7323,7328,7305,7325,25000
2015-12-08 10:57:00,SBERP,7317,7317,7305,7305,18000
2015-12-08 10:58:00,SBERP,7320,7320,7311,7311,15600
2015-12-08 10:59:00,SBERP,7313,7317,7300,7317,20200
2015-12-08 11:00:00,SBERP,7317,7350,7173,7319,251200
2015-12-08 11:01:00,SBERP,7309,7320,7297,7309,36600
2015-12-08 11:02:00,SBERP,7308,7338,7308,7322,13800
2015-12-08 11:03:00,SBERP,7320,7338,7320,7328,15400
2015-12-08 11:04:00,SBERP,7338,7345,7316,7333,57400
2015-12-08 11:05:00,SBERP,7326,7400,7326,7338,15600
2015-12-08 11:06:00,SBERP,7342,7352,7341,7348,15400
2015-12-08 11:07:00,SBERP,7341,7341,7331,7331,35000
2015-12-08 11:08:00,SBERP,7333,7334,7330,7334,20000
2015-12-08 11:09:00,SBERP,7334,7334,7317,7323,111800
2015-12-08 11:10:00,SBERP,7323,7330,7313,7330,16800
2015-12-08 11:11:00,SBERP,7330,7330,7317,7320,21400
2015-12-08 11:12:00,SBERP,7323,7328,7284,7319,125600
2015-12-08 11:13:00,SBERP,7328,7328,7305,7316,16000
2015-12-08 11:14:00,SBERP,7320,7322,7300,7306,67600
2015-12-08 11:15:00,SBERP,7306,7318,7300,7306,137800
2015-12-08 11:16:00,SBERP,7309,7327,7289,7289,23800
2015-12-08 11:17:00,SBERP,7320,7325,7306,7306,3300
2015-12-08 11:18:00,SBERP,7309,7326,7293,7320,79200
2015-12-08 11:19:00,SBERP,7311,7312,7305,7311,33600
2015-12-08 11:20:00,SBERP,7309,7343,7295,7309,166800
2015-12-08 11:21:00,SBERP,7309,7318,7306,7311,67900
2015-12-08 11:22:00,SBERP,7318,7328,7318,7325,49200
2015-12-08 11:23:00,SBERP,7323,7327,7318,7320,25300
2015-12-08 11:24:00,SBERP,7320,7320,7320,7320,0
2015-12-08 11:25:00,SBERP,7325,7328,7322,7328,4700
2015-12-08 11:26:00,SBERP,7339,7339,7330,7330,8000
2015-12-08 11:27:00,SBERP,7329,7400,7329,7331,9800
2015-12-08 11:28:00,SBERP,7331,7331,7331,7331,4800
2015-12-08 11:29:00,SBERP,7328,7339,7312,7323,35600
2015-12-08 11:30:00,SBERP,7400,7400,7318,7318,12000
2015-12-08 11:31:00,SBERP,7320,7338,7320,7320,47800
2015-12-08 11:32:00,SBERP,7327,7327,7320,7320,3800
2015-12-08 11:33:00,SBERP,7320,7320,7319,7320,9900
2015-12-08 11:34:00,SBERP,7320,7325,7311,7325,24400
2015-12-08 11:35:00,SBERP,7322,7328,7322,7328,10200
2015-12-08 11:36:00,SBERP,7328,7331,7325,7325,24700
2015-12-08 11:37:00,SBERP,7325,7325,7312,7322,2200
2015-12-08 11:38:00,SBERP,7334,7334,7325,7325,4400
2015-12-08 11:39:00,SBERP,7325,7333,7325,7328,17600
2015-12-08 11:40:00,SBERP,7325,7334,7323,7326,26200
2015-12-08 11:41:00,SBERP,7327,7336,7322,7322,13800
2015-12-08 11:42:00,SBERP,7322,7322,7320,7320,69200
2015-12-08 11:43:00,SBERP,7320,7320,7309,7320,8000
2015-12-08 11:44:00,SBERP,7320,7320,7309,7309,4400
2015-12-08 11:45:00,SBERP,7318,7336,7316,7317,27600
2015-12-08 11:46:00,SBERP,7320,7323,7316,7316,18200
2015-12-08 11:47:00,SBERP,7316,7320,7316,7317,26000
2015-12-08 11:48:00,SBERP,7319,7320,7265,7305,15700
2015-12-08 11:49:00,SBERP,7315,7317,7315,7317,1200
2015-12-08 11:50:00,SBERP,7318,7328,7311,7315,20800
2015-12-08 11:51:00,SBERP,7315,7315,7305,7315,4000
2015-12-08 11:52:00,SBERP,7315,7315,7314,7315,22800
2015-12-08 11:53:00,SBERP,7314,7314,7304,7304,1200
2015-12-08 11:54:00,SBERP,7314,7314,7304,7314,3600
2015-12-08 11:55:00,SBERP,7314,7315,7312,7313,29700
2015-12-08 11:56:00,SBERP,7313,7313,7302,7302,41300
2015-12-08 11:57:00,SBERP,7312,7323,7301,7313,19200
2015-12-08 11:58:00,SBERP,7323,7323,7312,7312,1400
2015-12-08 11:59:00,SBERP,7313,7345,7302,7316,35400
2015-12-08 12:00:00,SBERP,7345,7345,7218,7311,10200
2015-12-08 12:01:00,SBERP,7314,7323,7309,7309,23400
2015-12-08 12:02:00,SBERP,7313,7313,7303,7312,9000
2015-12-08 12:03:00,SBERP,7313,7313,7312,7312,2700
2015-12-08 12:04:00,SBERP,7316,7330,7315,7318,24600
2015-12-08 12:05:00,SBERP,7312,7312,7312,7312,400
2015-12-08 12:06:00,SBERP,7314,7347,7311,7313,18000
2015-12-08 12:07:00,SBERP,7314,7314,7300,7309,10000
2015-12-08 12:08:00,SBERP,7309,7309,7308,7308,3600
2015-12-08 12:09:00,SBERP,7340,7340,7309,7315,18200
2015-12-08 12:10:00,SBERP,7311,7312,7309,7312,2500
2015-12-08 12:11:00,SBERP,7313,7314,7306,7306,30000
2015-12-08 12:12:00,SBERP,7308,7311,7306,7311,300
2015-12-08 12:13:00,SBERP,7309,7311,7309,7311,4800
2015-12-08 12:14:00,SBERP,7309,7309,7306,7306,2000
2015-12-08 12:15:00,SBERP,7308,7309,7295,7295,62600
2015-12-08 12:16:00,SBERP,7306,7315,7255,7294,113800
2015-12-08 12:17:00,SBERP,7302,7318,7250,7292,166700
2015-12-08 12:18:00,SBERP,7302,7314,7302,7308,28400
2015-12-08 12:19:00,SBERP,7306,7320,7303,7306,27800
2015-12-08 12:20:00,SBERP,7305,7317,7305,7306,12400
2015-12-08 12:21:00,SBERP,7306,7320,7297,7309,29600
2015-12-08 12:22:00,SBERP,7313,7313,7297,7305,64400
2015-12-08 12:23:00,SBERP,7308,7308,7308,7308,4000
2015-12-08 12:24:00,SBERP,7308,7308,7286,7286,16200
2015-12-08 12:25:00,SBERP,7314,7314,7293,7298,33200
2015-12-08 12:26:00,SBERP,7302,7304,7230,7303,7400
2015-12-08 12:27:00,SBERP,7303,7341,7303,7320,74400
2015-12-08 12:28:00,SBERP,7313,7320,7303,7313,12200
2015-12-08 12:29:00,SBERP,7313,7320,7303,7303,36200
2015-12-08 12:30:00,SBERP,7313,7316,7313,7316,30000
2015-12-08 12:31:00,SBERP,7320,7320,7315,7315,100400
2015-12-08 12:32:00,SBERP,7314,7325,7314,7325,137500
2015-12-08 12:33:00,SBERP,7325,7326,7320,7322,76200
2015-12-08 12:34:00,SBERP,7322,7354,7319,7319,88700
2015-12-08 12:35:00,SBERP,7320,7320,7317,7318,24500
2015-12-08 12:36:00,SBERP,7318,7318,7244,7309,58400
2015-12-08 12:37:00,SBERP,7309,7314,7306,7309,75400
2015-12-08 12:38:00,SBERP,7314,7323,7308,7323,101000
2015-12-08 12:39:00,SBERP,7323,7331,7316,7316,39100
2015-12-08 12:40:00,SBERP,7312,7315,7312,7315,3000
2015-12-08 12:41:00,SBERP,7315,7318,7309,7314,67400
2015-12-08 12:42:00,SBERP,7312,7312,7298,7298,5800
2015-12-08 12:43:00,SBERP,7312,7315,7311,7312,34800
2015-12-08 12:44:00,SBERP,7312,7322,7309,7313,50100
2015-12-08 12:45:00,SBERP,7311,7313,7309,7309,2300
2015-12-08 12:46:00,SBERP,7312,7345,7312,7314,35300
2015-12-08 12:47:00,SBERP,7320,7344,7309,7309,50400
2015-12-08 12:48:00,SBERP,7309,7314,7234,7302,294800
2015-12-08 12:49:00,SBERP,7302,7308,7005,7294,381900
2015-12-08 12:50:00,SBERP,7293,7323,7270,7292,117500
2015-12-08 12:51:00,SBERP,7292,7298,7280,7286,68200
2015-12-08 12:52:00,SBERP,7284,7295,7284,7291,43600
2015-12-08 12:53:00,SBERP,7287,7298,7287,7295,69400
2015-12-08 12:54:00,SBERP,7295,7305,7295,7305,57500
2015-12-08 12:55:00,SBERP,7305,7309,7302,7303,37100
2015-12-08 12:56:00,SBERP,7303,7306,7295,7295,25200
2015-12-08 12:57:00,SBERP,7295,7309,7294,7298,127400
2015-12-08 12:58:00,SBERP,7297,7298,7294,7295,113400
2015-12-08 12:59:00,SBERP,7295,7295,7295,7295,92600
2015-12-08 13:00:00,SBERP,7295,7295,7293,7295,309700
2015-12-08 13:01:00,SBERP,7295,7295,7293,7295,87500
2015-12-08 13:02:00,SBERP,7295,7295,7293,7295,40000
2015-12-08 13:03:00,SBERP,7295,7295,7294,7294,18100
2015-12-08 13:04:00,SBERP,7292,7303,7292,7297,67600
2015-12-08 13:05:00,SBERP,7295,7298,7295,7295,23800
2015-12-08 13:06:00,SBERP,7295,7295,7292,7292,15600
2015-12-08 13:07:00,SBERP,7292,7292,7290,7290,18800
2015-12-08 13:08:00,SBERP,7290,7291,7288,7288,3600
2015-12-08 13:09:00,SBERP,7291,7303,7291,7300,78400
2015-12-08 13:10:00,SBERP,7300,7300,7295,7295,5400
2015-12-08 13:11:00,SBERP,7290,7290,7280,7290,3400
2015-12-08 13:12:00,SBERP,7293,7300,7292,7292,29000
2015-12-08 13:13:00,SBERP,7295,7298,7292,7297,22400
2015-12-08 13:14:00,SBERP,7295,7295,7292,7293,84000
2015-12-08 13:15:00,SBERP,7293,7294,7290,7293,72600
2015-12-08 13:16:00,SBERP,7291,7298,7280,7298,83400
2015-12-08 13:17:00,SBERP,7295,7295,7292,7292,800
2015-12-08 13:18:00,SBERP,7292,7292,7284,7288,207500
2015-12-08 13:19:00,SBERP,7284,7286,7234,7286,30000
2015-12-08 13:20:00,SBERP,7286,7286,7281,7281,45700
2015-12-08 13:21:00,SBERP,7283,7287,7281,7281,48400
2015-12-08 13:22:00,SBERP,7281,7291,7270,7280,40600
2015-12-08 13:23:00,SBERP,7281,7286,7270,7277,76800
2015-12-08 13:24:00,SBERP,7277,7278,7276,7277,8400
2015-12-08 13:25:00,SBERP,7277,7277,7259,7272,86700
2015-12-08 13:26:00,SBERP,7270,7279,7259,7275,23600
2015-12-08 13:27:00,SBERP,7273,7500,7273,7278,21800
2015-12-08 13:28:00,SBERP,7278,7281,7275,7277,50600
2015-12-08 13:29:00,SBERP,7272,7276,7183,7276,1600
2015-12-08 13:30:00,SBERP,7276,7276,7198,7198,62200
2015-12-08 13:31:00,SBERP,7266,7268,7266,7268,10400
2015-12-08 13:32:00,SBERP,7268,7269,7267,7268,2600
2015-12-08 13:33:00,SBERP,7268,7270,7268,7270,9400
2015-12-08 13:34:00,SBERP,7268,7268,7266,7266,6900
2015-12-08 13:35:00,SBERP,7266,7266,7255,7259,87500
2015-12-08 13:36:00,SBERP,7259,7259,7250,7258,46100
2015-12-08 13:37:00,SBERP,7259,7259,7258,7258,400
2015-12-08 13:38:00,SBERP,7268,7268,7258,7263,18800
2015-12-08 13:39:00,SBERP,7259,7259,7258,7258,69200
2015-12-08 13:40:00,SBERP,7256,7256,7255,7256,8100
2015-12-08 13:41:00,SBERP,7255,7259,7245,7258,40600
2015-12-08 13:42:00,SBERP,7256,7256,7255,7256,13700
2015-12-08 13:43:00,SBERP,7284,7284,7256,7256,400
2015-12-08 13:44:00,SBERP,7256,7268,7254,7262,53900
2015-12-08 13:45:00,SBERP,7259,7298,7259,7270,39000
2015-12-08 13:46:00,SBERP,7264,7266,7264,7264,15400
2015-12-08 13:47:00,SBERP,7259,7284,7259,7273,48500
2015-12-08 13:48:00,SBERP,7273,7283,7273,7280,47300
2015-12-08 13:49:00,SBERP,7277,7277,7270,7270,9800
2015-12-08 13:50:00,SBERP,7273,7291,7273,7276,67600
2015-12-08 13:51:00,SBERP,7277,7278,7268,7270,17000
2015-12-08 13:52:00,SBERP,7268,7268,7268,7268,1000
2015-12-08 13:53:00,SBERP,7270,7270,7268,7270,6700
2015-12-08 13:54:00,SBERP,7270,7270,7259,7259,38900
2015-12-08 13:55:00,SBERP,7261,7265,7261,7265,4400
2015-12-08 13:56:00,SBERP,7265,7265,7265,7265,0
2015-12-08 13:57:00,SBERP,7268,7268,7268,7268,300
2015-12-08 13:58:00,SBERP,7267,7281,7267,7270,28500
2015-12-08 13:59:00,SBERP,7270,7270,7270,7270,6600
2015-12-08 14:00:00,SBERP,7264,7265,6901,6901,4200
2015-12-08 14:01:00,SBERP,7264,7264,7262,7262,7600
2015-12-08 14:02:00,SBERP,7264,7264,7264,7264,9000
2015-12-08 14:03:00,SBERP,7266,7266,7264,7266,7800
2015-12-08 14:04:00,SBERP,7266,7270,7265,7266,64000
2015-12-08 14:05:00,SBERP,7270,7281,7268,7281,59400
2015-12-08 14:06:00,SBERP,7273,7287,7273,7278,41900
2015-12-08 14:07:00,SBERP,7278,7278,7272,7273,47800
2015-12-08 14:08:00,SBERP,7275,7276,7275,7276,4400
2015-12-08 14:09:00,SBERP,7276,7276,7276,7276,0
2015-12-08 14:10:00,SBERP,7276,7276,7273,7273,19600
2015-12-08 14:11:00,SBERP,7273,7295,7273,7286,47300
2015-12-08 14:12:00,SBERP,7286,7297,7280,7287,59100
2015-12-08 14:13:00,SBERP,7286,7288,7286,7288,9800
2015-12-08 14:14:00,SBERP,7286,7286,7283,7283,22000
2015-12-08 14:15:00,SBERP,7284,7284,7283,7283,1400
2015-12-08 14:16:00,SBERP,7284,7284,7284,7284,3400
2015-12-08 14:17:00,SBERP,7286,7286,7280,7280,16300
2015-12-08 14:18:00,SBERP,7281,7281,7281,7281,1000
2015-12-08 14:19:00,SBERP,7284,7284,7283,7284,18200
2015-12-08 14:20:00,SBERP,7281,7284,7280,7283,13500
2015-12-08 14:21:00,SBERP,7281,7281,7280,7280,2500
2015-12-08 14:22:00,SBERP,7280,7280,7273,7273,19600
2015-12-08 14:23:00,SBERP,7273,7273,7270,7272,11300
2015-12-08 14:24:00,SBERP,7272,7272,7270,7272,6700
2015-12-08 14:25:00,SBERP,7270,7273,7270,7273,16600
2015-12-08 14:26:00,SBERP,7273,7273,7220,7270,20200
2015-12-08 14:27:00,SBERP,7270,7270,7270,7270,400
2015-12-08 14:28:00,SBERP,7268,7268,7264,7264,50800
2015-12-08 14:29:00,SBERP,7262,7265,7262,7262,15300
2015-12-08 14:30:00,SBERP,7263,7265,7262,7265,5400
2015-12-08 14:31:00,SBERP,7265,7265,7261,7264,30700
2015-12-08 14:32:00,SBERP,7261,7275,7261,7273,68100
2015-12-08 14:33:00,SBERP,7277,7277,7273,7273,18100
2015-12-08 14:34:00,SBERP,7273,7273,7267,7267,6200
2015-12-08 14:35:00,SBERP,7267,7267,7267,7267,1000
2015-12-08 14:36:00,SBERP,7270,7273,7267,7267,24400
2015-12-08 14:37:00,SBERP,7267,7267,7267,7267,0
2015-12-08 14:38:00,SBERP,7267,7267,7264,7267,8800
2015-12-08 14:39:00,SBERP,7270,7275,7270,7270,2200
2015-12-08 14:40:00,SBERP,7270,7270,7270,7270,100
2015-12-08 14:41:00,SBERP,7272,7272,7270,7270,600
2015-12-08 14:42:00,SBERP,7265,7266,7252,7266,5900
2015-12-08 14:43:00,SBERP,7261,7263,7261,7263,5600
2015-12-08 14:44:00,SBERP,7265,7265,7262,7262,17400
2015-12-08 14:45:00,SBERP,7266,7266,7266,7266,8600
2015-12-08 14:46:00,SBERP,7268,7631,7268,7270,15400
2015-12-08 14:47:00,SBERP,7631,7631,7252,7266,28800
2015-12-08 14:48:00,SBERP,7262,7264,7262,7264,6800
2015-12-08 14:49:00,SBERP,7265,7266,7265,7266,7600
2015-12-08 14:50:00,SBERP,7265,7267,7265,7266,24300
2015-12-08 14:51:00,SBERP,7265,7265,7261,7261,2200
2015-12-08 14:52:00,SBERP,7261,7261,7261,7261,900
2015-12-08 14:53:00,SBERP,7276,7276,7266,7266,200
2015-12-08 14:54:00,SBERP,7266,7266,7255,7255,5000
2015-12-08 14:55:00,SBERP,7265,7269,7255,7268,11800
2015-12-08 14:56:00,SBERP,7268,7268,7267,7267,300
2015-12-08 14:57:00,SBERP,7267,7267,7256,7265,20400
2015-12-08 14:58:00,SBERP,7265,7266,7265,7266,3100
2015-12-08 14:59:00,SBERP,7267,7267,7255,7265,33500
2015-12-08 15:00:00,SBERP,7262,7262,7251,7261,21600
2015-12-08 15:01:00,SBERP,7261,7262,7209,7256,56000
2015-12-08 15:02:00,SBERP,7256,7256,7256,7256,3800
2015-12-08 15:03:00,SBERP,7256,7256,7245,7256,3600
2015-12-08 15:04:00,SBERP,7256,7286,7245,7258,21500
2015-12-08 15:05:00,SBERP,7256,7256,7256,7256,18800
2015-12-08 15:06:00,SBERP,7256,7258,7256,7258,12300
2015-12-08 15:07:00,SBERP,7258,7258,7258,7258,0
2015-12-08 15:08:00,SBERP,7258,7258,7258,7258,0
2015-12-08 15:09:00,SBERP,7258,7258,7258,7258,0
2015-12-08 15:10:00,SBERP,7258,7258,7256,7256,11400
2015-12-08 15:11:00,SBERP,7255,7255,7205,7254,27300
2015-12-08 15:12:00,SBERP,7254,7256,7244,7255,23400
2015-12-08 15:13:00,SBERP,7255,7255,7241,7241,122200
2015-12-08 15:14:00,SBERP,7251,7251,7251,7251,800
2015-12-08 15:15:00,SBERP,7252,7283,7241,7251,24200
2015-12-08 15:16:00,SBERP,7251,7252,7241,7251,45800
2015-12-08 15:17:00,SBERP,7252,7255,7200,7234,300800
2015-12-08 15:18:00,SBERP,7234,7242,7203,7239,163300
2015-12-08 15:19:00,SBERP,7242,7242,7233,7234,56800
2015-12-08 15:20:00,SBERP,7234,7234,7228,7234,34900
2015-12-08 15:21:00,SBERP,7238,7238,7238,7238,10800
2015-12-08 15:22:00,SBERP,7234,7234,7233,7233,21200
2015-12-08 15:23:00,SBERP,7234,7234,7225,7227,98100
2015-12-08 15:24:00,SBERP,7228,7228,7211,7220,163900
2015-12-08 15:25:00,SBERP,7222,7222,7209,7215,71200
2015-12-08 15:26:00,SBERP,7216,7216,7205,7216,46600
2015-12-08 15:27:00,SBERP,7216,7220,7215,7219,42800
2015-12-08 15:28:00,SBERP,7225,7233,7223,7231,102100
2015-12-08 15:29:00,SBERP,7231,7242,7205,7228,134100
2015-12-08 15:30:00,SBERP,7230,7245,7229,7241,171000
2015-12-08 15:31:00,SBERP,7242,7242,7234,7236,25000
2015-12-08 15:32:00,SBERP,7234,7234,7225,7234,5100
2015-12-08 15:33:00,SBERP,7236,7245,7234,7239,32600
2015-12-08 15:34:00,SBERP,7237,7240,7236,7238,58400
2015-12-08 15:35:00,SBERP,7238,7238,7220,7230,95500
2015-12-08 15:36:00,SBERP,7231,7231,7200,7216,305100
2015-12-08 15:37:00,SBERP,7216,7222,7206,7222,71400
2015-12-08 15:38:00,SBERP,7222,7223,7212,7220,32600
2015-12-08 15:39:00,SBERP,7222,7222,7205,7215,29200
2015-12-08 15:40:00,SBERP,7215,7223,7215,7223,64400
2015-12-08 15:41:00,SBERP,7223,7223,7205,7214,73900
2015-12-08 15:42:00,SBERP,7217,7220,7205,7214,30800
2015-12-08 15:43:00,SBERP,7215,7222,7205,7206,51800
2015-12-08 15:44:00,SBERP,7218,7226,7206,7220,22900
2015-12-08 15:45:00,SBERP,7220,7230,7200,7200,35400
2015-12-08 15:46:00,SBERP,7212,7219,7212,7216,45600
2015-12-08 15:47:00,SBERP,7215,7217,7214,7215,21800
2015-12-08 15:48:00,SBERP,7217,7217,7214,7216,28600
2015-12-08 15:49:00,SBERP,7216,7220,7216,7218,32100
2015-12-08 15:50:00,SBERP,7218,7218,7203,7213,121400
2015-12-08 15:51:00,SBERP,7212,7212,7211,7212,30600
2015-12-08 15:52:00,SBERP,7214,7220,7213,7218,38500
2015-12-08 15:53:00,SBERP,7220,7223,7209,7219,83600
2015-12-08 15:54:00,SBERP,7217,7217,7214,7215,15900
2015-12-08 15:55:00,SBERP,7215,7216,7200,7209,75800
2015-12-08 15:56:00,SBERP,7209,7209,7150,7205,44300
2015-12-08 15:57:00,SBERP,7206,7208,7000,7198,186800
2015-12-08 15:58:00,SBERP,7197,7208,7190,7200,185900
2015-12-08 15:59:00,SBERP,7201,7202,6842,7183,29900
2015-12-08 16:00:00,SBERP,7197,7220,7156,7184,424200
2015-12-08 16:01:00,SBERP,7180,7194,7125,7177,100500
2015-12-08 16:02:00,SBERP,7178,7188,7172,7180,167200
2015-12-08 16:03:00,SBERP,7179,7181,7166,7181,4000
2015-12-08 16:04:00,SBERP,7181,7292,7177,7188,444500
2015-12-08 16:05:00,SBERP,7187,7192,7163,7188,99200
2015-12-08 16:06:00,SBERP,7188,7201,7186,7191,70200
2015-12-08 16:07:00,SBERP,7201,7201,7189,7190,76600
2015-12-08 16:08:00,SBERP,7300,7300,7193,7195,46500
2015-12-08 16:09:00,SBERP,7195,7205,7194,7194,48100
2015-12-08 16:10:00,SBERP,7194,7205,7194,7194,49000
2015-12-08 16:11:00,SBERP,7194,7195,7192,7195,63000
2015-12-08 16:12:00,SBERP,7194,7198,7194,7195,4300
2015-12-08 16:13:00,SBERP,7194,7194,7192,7192,7700
2015-12-08 16:14:00,SBERP,7192,7195,7192,7192,5500
2015-12-08 16:15:00,SBERP,7192,7206,7168,7195,124400
2015-12-08 16:16:00,SBERP,7187,7190,7184,7188,16800
2015-12-08 16:17:00,SBERP,7190,7209,7184,7194,42400
2015-12-08 16:18:00,SBERP,7194,7208,7170,7170,115600
2015-12-08 16:19:00,SBERP,7195,7204,7191,7191,19800
2015-12-08 16:20:00,SBERP,7191,7193,7191,7193,36800
2015-12-08 16:21:00,SBERP,7197,7364,7192,7194,26500
2015-12-08 16:22:00,SBERP,7192,7192,7192,7192,4200
2015-12-08 16:23:00,SBERP,7193,7194,7186,7186,44000
2015-12-08 16:24:00,SBERP,7184,7187,7184,7184,28900
2015-12-08 16:25:00,SBERP,7184,7184,7172,7178,31800
2015-12-08 16:26:00,SBERP,7184,7197,7184,7184,30100
2015-12-08 16:27:00,SBERP,7184,7540,7178,7181,43400
2015-12-08 16:28:00,SBERP,7181,7181,7181,7181,3200
2015-12-08 16:29:00,SBERP,7181,7194,7170,7180,50800
2015-12-08 16:30:00,SBERP,7180,7180,7173,7178,95000
2015-12-08 16:31:00,SBERP,7178,7181,7178,7180,6200
2015-12-08 16:32:00,SBERP,7180,7180,7176,7177,102600
2015-12-08 16:33:00,SBERP,7177,7177,7175,7176,40800
2015-12-08 16:34:00,SBERP,7176,7178,7175,7176,48000
2015-12-08 16:35:00,SBERP,7176,7176,7175,7176,22800
2015-12-08 16:36:00,SBERP,7176,7176,7175,7175,21700
2015-12-08 16:37:00,SBERP,7176,7176,7173,7173,23300
2015-12-08 16:38:00,SBERP,7173,7173,7173,7173,4800
2015-12-08 16:39:00,SBERP,7173,7175,7173,7173,30200
2015-12-08 16:40:00,SBERP,7175,7189,7173,7175,45800
2015-12-08 16:41:00,SBERP,7179,7179,7176,7178,9000
2015-12-08 16:42:00,SBERP,7177,7177,7176,7176,14000
2015-12-08 16:43:00,SBERP,7176,7178,7173,7175,31600
2015-12-08 16:44:00,SBERP,7173,7191,7140,7170,177400
2015-12-08 16:45:00,SBERP,7168,7170,7158,7167,79700
2015-12-08 16:46:00,SBERP,7167,7167,7145,7158,160700
2015-12-08 16:47:00,SBERP,7158,7163,7150,7155,27000
2015-12-08 16:48:00,SBERP,7155,7156,7150,7152,51000
2015-12-08 16:49:00,SBERP,7152,7156,7151,7156,38600
2015-12-08 16:50:00,SBERP,7159,7159,7151,7159,42100
2015-12-08 16:51:00,SBERP,7159,7162,7153,7153,35400
2015-12-08 16:52:00,SBERP,7155,7159,7154,7159,71800
2015-12-08 16:53:00,SBERP,7159,7164,7158,7164,83100
2015-12-08 16:54:00,SBERP,7164,7164,7156,7158,80000
2015-12-08 16:55:00,SBERP,7163,7164,7150,7159,95500
2015-12-08 16:56:00,SBERP,7159,7169,6983,7155,79400
2015-12-08 16:57:00,SBERP,7156,7159,7120,7150,153300
2015-12-08 16:58:00,SBERP,7150,7150,7118,7140,71000
2015-12-08 16:59:00,SBERP,7148,7150,7117,7144,150900
2015-12-08 17:00:00,SBERP,7147,7170,7113,7144,165800
2015-12-08 17:01:00,SBERP,7144,7150,7131,7140,52600
2015-12-08 17:02:00,SBERP,7138,7139,7117,7127,362600
2015-12-08 17:03:00,SBERP,7127,7201,7097,7129,446400
2015-12-08 17:04:00,SBERP,7129,7158,7129,7136,85600
2015-12-08 17:05:00,SBERP,7134,7141,7122,7139,158400
2015-12-08 17:06:00,SBERP,7143,7148,7139,7142,104600
2015-12-08 17:07:00,SBERP,7139,7147,7134,7143,50900
2015-12-08 17:08:00,SBERP,7140,7148,7136,7136,42000
2015-12-08 17:09:00,SBERP,7144,7145,7084,7145,64900
2015-12-08 17:10:00,SBERP,7139,7166,7139,7155,148700
2015-12-08 17:11:00,SBERP,7158,7158,7142,7158,64100
2015-12-08 17:12:00,SBERP,7155,7161,7148,7156,28300
2015-12-08 17:13:00,SBERP,7156,7165,7142,7142,24200
2015-12-08 17:14:00,SBERP,7142,7144,7120,7140,46000
2015-12-08 17:15:00,SBERP,7141,7158,7136,7142,71000
2015-12-08 17:16:00,SBERP,7142,7142,7130,7140,109700
2015-12-08 17:17:00,SBERP,7140,7140,7137,7137,27800
2015-12-08 17:18:00,SBERP,7142,7148,7131,7145,42100
2015-12-08 17:19:00,SBERP,7144,7200,7144,7152,21600
2015-12-08 17:20:00,SBERP,7151,7151,7143,7145,21200
2015-12-08 17:21:00,SBERP,7145,7145,7138,7138,8200
2015-12-08 17:22:00,SBERP,7141,7141,7137,7140,39400
2015-12-08 17:23:00,SBERP,7139,7152,7138,7148,41900
2015-12-08 17:24:00,SBERP,7142,7155,7141,7142,6600
2015-12-08 17:25:00,SBERP,7154,7154,7141,7144,25200
2015-12-08 17:26:00,SBERP,7144,7151,7144,7145,36300
2015-12-08 17:27:00,SBERP,7147,7154,7145,7150,15600
2015-12-08 17:28:00,SBERP,7145,7145,7126,7139,47400
2015-12-08 17:29:00,SBERP,7131,7138,7131,7134,22800
2015-12-08 17:30:00,SBERP,7134,7134,7095,7120,279400
2015-12-08 17:31:00,SBERP,7120,7123,7120,7120,93400
2015-12-08 17:32:00,SBERP,7120,7123,7117,7120,32800
2015-12-08 17:33:00,SBERP,7120,7130,7104,7130,155800
2015-12-08 17:34:00,SBERP,7125,7125,7104,7106,48600
2015-12-08 17:35:00,SBERP,7112,7119,7104,7119,76200
2015-12-08 17:36:00,SBERP,7123,7123,7105,7105,25000
2015-12-08 17:37:00,SBERP,7105,7134,7102,7106,76500
2015-12-08 17:38:00,SBERP,7106,7106,7104,7105,12600
2015-12-08 17:39:00,SBERP,7103,7104,7100,7102,37700
2015-12-08 17:40:00,SBERP,7101,7102,7050,7078,262500
2015-12-08 17:41:00,SBERP,7100,7100,7078,7097,80900
2015-12-08 17:42:00,SBERP,7095,7098,7045,7081,561500
2015-12-08 17:43:00,SBERP,7081,7081,7064,7070,150200
2015-12-08 17:44:00,SBERP,7070,7080,7066,7073,65200
2015-12-08 17:45:00,SBERP,7073,7080,7062,7076,131600
2015-12-08 17:46:00,SBERP,7076,7120,7070,7086,132500
2015-12-08 17:47:00,SBERP,7097,7802,7083,7095,166600
2015-12-08 17:48:00,SBERP,7091,7106,7061,7094,131700
2015-12-08 17:49:00,SBERP,7092,7105,7087,7087,65100
2015-12-08 17:50:00,SBERP,7101,7101,7081,7081,85300
2015-12-08 17:51:00,SBERP,7081,7152,7078,7080,27100
2015-12-08 17:52:00,SBERP,7088,7161,7081,7087,118400
2015-12-08 17:53:00,SBERP,7087,7093,7084,7089,39200
2015-12-08 17:54:00,SBERP,7088,7092,7088,7092,5800
2015-12-08 17:55:00,SBERP,7090,7165,7080,7095,47000
2015-12-08 17:56:00,SBERP,7095,7095,7090,7090,87600
2015-12-08 17:57:00,SBERP,7092,7092,7068,7072,165200
2015-12-08 17:58:00,SBERP,7077,7077,7070,7070,10600
2015-12-08 17:59:00,SBERP,7075,7075,7050,7058,229500
2015-12-08 18:00:00,SBERP,7059,7062,7050,7058,75300
2015-12-08 18:01:00,SBERP,7072,7200,7062,7080,56600
2015-12-08 18:02:00,SBERP,7080,7152,7054,7054,34100
2015-12-08 18:03:00,SBERP,7081,7081,7054,7072,66600
2015-12-08 18:04:00,SBERP,7075,7109,7072,7079,15500
2015-12-08 18:05:00,SBERP,7079,7081,7070,7078,26200
2015-12-08 18:06:00,SBERP,7070,7072,7064,7069,62900
2015-12-08 18:07:00,SBERP,7064,7064,7054,7064,18600
2015-12-08 18:08:00,SBERP,7068,7068,7063,7064,7900
2015-12-08 18:09:00,SBERP,7064,7067,7064,7067,12500
2015-12-08 18:10:00,SBERP,7065,7093,7029,7056,204300
2015-12-08 18:11:00,SBERP,7053,7070,6981,7055,10600
2015-12-08 18:12:00,SBERP,7055,7408,7052,7055,23800
2015-12-08 18:13:00,SBERP,7050,7054,7050,7050,5600
2015-12-08 18:14:00,SBERP,7050,7055,7050,7055,6200
2015-12-08 18:15:00,SBERP,7055,7070,7051,7053,46300
2015-12-08 18:16:00,SBERP,7063,7137,7059,7066,5300
2015-12-08 18:17:00,SBERP,7098,7098,7063,7070,19800
2015-12-08 18:18:00,SBERP,7069,7089,7063,7081,109500
2015-12-08 18:19:00,SBERP,7080,7161,7078,7094,43200
2015-12-08 18:20:00,SBERP,7090,7103,7086,7090,26000
2015-12-08 18:21:00,SBERP,7090,7094,7089,7093,22900
2015-12-08 18:22:00,SBERP,7093,7094,7090,7091,21800
2015-12-08 18:23:00,SBERP,7091,7091,7087,7087,21000
2015-12-08 18:24:00,SBERP,7087,7091,7081,7081,23800
2015-12-08 18:25:00,SBERP,7089,7090,7073,7080,46000
2015-12-08 18:26:00,SBERP,7080,7088,7062,7072,42400
2015-12-08 18:27:00,SBERP,7075,7081,7048,7048,23800
2015-12-08 18:28:00,SBERP,7077,7087,7059,7076,126100
2015-12-08 18:29:00,SBERP,7076,7088,7066,7088,24300
2015-12-08 18:30:00,SBERP,7088,7120,7051,7095,77900
2015-12-08 18:31:00,SBERP,7095,7109,7095,7100,14300
2015-12-08 18:32:00,SBERP,7097,7100,7070,7084,41200
2015-12-08 18:33:00,SBERP,7086,7098,7047,7091,45800
2015-12-08 18:34:00,SBERP,7088,7093,7075,7075,7700
2015-12-08 18:35:00,SBERP,7084,7100,7070,7090,66200
2015-12-08 18:36:00,SBERP,7091,7093,7084,7084,53700
2015-12-08 18:37:00,SBERP,7090,7100,7084,7092,84000
2015-12-08 18:38:00,SBERP,7092,7102,7084,7091,27000
2015-12-08 18:39:00,SBERP,7101,7193,7068,7087,106400
2015-12-09 10:00:00,SBERP,7122,7163,7000,7109,172600
2015-12-09 10:01:00,SBERP,7109,7116,7100,7109,48900
2015-12-09 10:02:00,SBERP,7109,7129,7102,7126,67300
2015-12-09 10:03:00,SBERP,7125,7125,7117,7123,22000
2015-12-09 10:04:00,SBERP,7125,7131,7116,7120,121900
2015-12-09 10:05:00,SBERP,7123,7158,7123,7131,110300
2015-12-09 10:06:00,SBERP,7131,7140,7066,7066,96600
2015-12-09 10:07:00,SBERP,7125,7125,7059,7120,78900
2015-12-09 10:08:00,SBERP,7127,7136,7059,7133,10300
2015-12-09 10:09:00,SBERP,7140,7140,7061,7123,7800
2015-12-09 10:10:00,SBERP,7126,7150,6701,7126,54800
2015-12-09 10:11:00,SBERP,7131,7131,7062,7123,800
2015-12-09 10:12:00,SBERP,7130,7131,7062,7062,21900
2015-12-09 10:13:00,SBERP,7131,7159,7063,7063,44700
2015-12-09 10:14:00,SBERP,7116,7159,7061,7113,50400
2015-12-09 10:15:00,SBERP,7116,7123,7061,7112,12800
2015-12-09 10:16:00,SBERP,7116,7116,7059,7111,11700
2015-12-09 10:17:00,SBERP,7111,7118,7058,7058,90400
2015-12-09 10:18:00,SBERP,7109,7122,7056,7056,81600
2015-12-09 10:19:00,SBERP,7133,7133,7056,7109,5200
2015-12-09 10:20:00,SBERP,7119,7119,7056,7056,2600
2015-12-09 10:21:00,SBERP,7119,7130,7056,7058,70700
2015-12-09 10:22:00,SBERP,7129,7129,7129,7129,200
2015-12-09 10:23:00,SBERP,7130,7140,7058,7134,34500
2015-12-09 10:24:00,SBERP,7127,7142,7058,7058,13600
2015-12-09 10:25:00,SBERP,7127,7136,7058,7058,5800
2015-12-09 10:26:00,SBERP,7134,7137,7058,7137,7800
2015-12-09 10:27:00,SBERP,7138,7153,7059,7145,26900
2015-12-09 10:28:00,SBERP,7142,7181,7059,7067,334300
2015-12-09 10:29:00,SBERP,7155,7243,7067,7170,67800
2015-12-09 10:30:00,SBERP,7170,7184,7070,7070,44400
2015-12-09 10:31:00,SBERP,7165,7165,7070,7156,57900
2015-12-09 10:32:00,SBERP,7156,7175,7072,7073,21200
2015-12-09 10:33:00,SBERP,7161,7173,7073,7073,46500
2015-12-09 10:34:00,SBERP,7161,7168,7073,7156,44200
2015-12-09 10:35:00,SBERP,7168,7170,7073,7159,1800
2015-12-09 10:36:00,SBERP,7170,7170,7073,7155,23400
2015-12-09 10:37:00,SBERP,7155,7156,7075,7075,39000
2015-12-09 10:38:00,SBERP,7144,7152,7075,7152,700
2015-12-09 10:39:00,SBERP,7152,7152,7075,7075,22700
2015-12-09 10:40:00,SBERP,7150,7150,7150,7150,400
2015-12-09 10:41:00,SBERP,7148,7162,7075,7150,7000
2015-12-09 10:42:00,SBERP,7151,7170,7075,7075,25200
2015-12-09 10:43:00,SBERP,7153,7165,7075,7076,9800
2015-12-09 10:44:00,SBERP,7156,7156,7154,7156,600
2015-12-09 10:45:00,SBERP,7161,7173,7076,7076,32800
2015-12-09 10:46:00,SBERP,7170,7173,7077,7080,257700
2015-12-09 10:47:00,SBERP,7170,7172,7080,7081,83900
2015-12-09 10:48:00,SBERP,7168,7183,7081,7081,9600
2015-12-09 10:49:00,SBERP,7181,7250,7081,7170,118800
2015-12-09 10:50:00,SBERP,7170,7179,7084,7084,94800
2015-12-09 10:51:00,SBERP,7179,7189,7084,7177,3100
2015-12-09 10:52:00,SBERP,7173,7189,7084,7084,55800
2015-12-09 10:53:00,SBERP,7178,7203,7084,7087,100600
2015-12-09 10:54:00,SBERP,7191,7209,7089,7090,145200
2015-12-09 10:55:00,SBERP,7195,7273,7090,7091,44500
2015-12-09 10:56:00,SBERP,7200,7209,7091,7094,136500
2015-12-09 10:57:00,SBERP,7206,7206,7094,7097,213200
2015-12-09 10:58:00,SBERP,7195,7200,7098,7198,123100
2015-12-09 10:59:00,SBERP,7198,7233,7098,7205,65400
2015-12-09 11:00:00,SBERP,7213,7233,7098,7206,114600
2015-12-09 11:01:00,SBERP,7209,7217,7100,7202,17000
2015-12-09 11:02:00,SBERP,7214,7216,7100,7101,48800
2015-12-09 11:03:00,SBERP,7203,7204,7101,7101,29400
2015-12-09 11:04:00,SBERP,7203,7217,7102,7102,42800
2015-12-09 11:05:00,SBERP,7217,7280,7103,7104,145300
2015-12-09 11:06:00,SBERP,7211,7211,7105,7202,47600
2015-12-09 11:07:00,SBERP,7202,7215,7105,7105,33800
2015-12-09 11:08:00,SBERP,7217,7219,7105,7105,6800
2015-12-09 11:09:00,SBERP,7202,7202,7105,7105,31200
2015-12-09 11:10:00,SBERP,7225,7225,7106,7206,5600
2015-12-09 11:11:00,SBERP,7206,7220,7106,7209,45400
2015-12-09 11:12:00,SBERP,7205,7234,7106,7217,42800
2015-12-09 11:13:00,SBERP,7217,7237,7106,7225,148000
2015-12-09 11:14:00,SBERP,7226,7240,7108,7220,26400
2015-12-09 11:15:00,SBERP,7223,7239,7109,7109,89800
2015-12-09 11:16:00,SBERP,7220,7253,7109,7112,172400
2015-12-09 11:17:00,SBERP,7228,7228,7112,7112,4600
2015-12-09 11:18:00,SBERP,7217,7240,7112,7150,7500
2015-12-09 11:19:00,SBERP,7223,7247,7112,7112,18800
2015-12-09 11:20:00,SBERP,7222,7226,7113,7113,16700
2015-12-09 11:21:00,SBERP,7215,7215,7113,7212,2400
2015-12-09 11:22:00,SBERP,7212,7239,7113,7113,24600
2015-12-09 11:23:00,SBERP,7231,7243,7113,7113,10600
2015-12-09 11:24:00,SBERP,7244,7244,7113,7113,10400
2015-12-09 11:25:00,SBERP,7244,7244,7113,7220,13500
2015-12-09 11:26:00,SBERP,7222,7222,7114,7220,2000
2015-12-09 11:27:00,SBERP,7220,7220,7114,7212,48400
2015-12-09 11:28:00,SBERP,7212,7220,7114,7214,131300
2015-12-09 11:29:00,SBERP,7208,7229,7115,7115,21400
2015-12-09 11:30:00,SBERP,7230,7230,7115,7215,34600
2015-12-09 11:31:00,SBERP,7225,7225,7115,7116,85400
2015-12-09 11:32:00,SBERP,7218,7218,7116,7116,4600
2015-12-09 11:33:00,SBERP,7209,7229,7116,7117,16800
2015-12-09 11:34:00,SBERP,7220,7222,7117,7117,48400
2015-12-09 11:35:00,SBERP,7205,7223,7117,7117,53800
2015-12-09 11:36:00,SBERP,7206,7209,7117,7117,9400
2015-12-09 11:37:00,SBERP,7205,7205,7117,7118,15900
2015-12-09 11:38:00,SBERP,7202,7206,7118,7118,1600
2015-12-09 11:39:00,SBERP,7204,7204,7118,7118,9200
2015-12-09 11:40:00,SBERP,7201,7201,7118,7118,55200
2015-12-09 11:41:00,SBERP,7195,7198,7118,7192,25200
2015-12-09 11:42:00,SBERP,7192,7198,7083,7193,120400
2015-12-09 11:43:00,SBERP,7193,7193,7118,7118,52400
2015-12-09 11:44:00,SBERP,7183,7198,7118,7118,9800
2015-12-09 11:45:00,SBERP,7180,7193,7118,7118,142300
2015-12-09 11:46:00,SBERP,7181,7198,6825,7118,17000
2015-12-09 11:47:00,SBERP,7187,7187,7080,7118,95600
2015-12-09 11:48:00,SBERP,7179,7190,6820,7173,36200
2015-12-09 11:49:00,SBERP,7173,7189,7118,7173,32100
2015-12-09 11:50:00,SBERP,7173,7213,7118,7118,97600
2015-12-09 11:51:00,SBERP,7190,7191,7118,7175,53000
2015-12-09 11:52:00,SBERP,7175,7180,7118,7118,13000
2015-12-09 11:53:00,SBERP,7192,7195,7118,7118,3200
2015-12-09 11:54:00,SBERP,7178,7179,7118,7179,1000
2015-12-09 11:55:00,SBERP,7179,7194,7118,7179,22800
2015-12-09 11:56:00,SBERP,7184,7192,7118,7118,26600
2015-12-09 11:57:00,SBERP,7193,7209,7118,7198,20400
2015-12-09 11:58:00,SBERP,7194,7215,7118,7200,24700
2015-12-09 11:59:00,SBERP,7200,7200,7200,7200,600
2015-12-09 12:00:00,SBERP,7200,7222,7118,7186,53400
2015-12-09 12:01:00,SBERP,7186,7193,7180,7193,800
2015-12-09 12:02:00,SBERP,7192,7194,7118,7118,4300
2015-12-09 12:03:00,SBERP,7198,7198,7118,7118,6800
2015-12-09 12:04:00,SBERP,7195,7195,7118,7184,18800
2015-12-09 12:05:00,SBERP,7184,7186,7118,7184,4600
2015-12-09 12:06:00,SBERP,7184,7184,7118,7175,17200
2015-12-09 12:07:00,SBERP,7175,7184,7118,7177,61800
2015-12-09 12:08:00,SBERP,7177,7180,7177,7179,600
2015-12-09 12:09:00,SBERP,7179,7184,7118,7178,18800
2015-12-09 12:10:00,SBERP,7178,7193,7118,7118,26400
2015-12-09 12:11:00,SBERP,7198,7198,7118,7181,35800
2015-12-09 12:12:00,SBERP,7181,7190,7118,7118,800
2015-12-09 12:13:00,SBERP,7193,7193,7118,7118,24400
2015-12-09 12:14:00,SBERP,7118,7118,7118,7118,0
2015-12-09 12:15:00,SBERP,7189,7204,7118,7194,12100
2015-12-09 12:16:00,SBERP,7195,7195,7195,7195,400
2015-12-09 12:17:00,SBERP,7195,7195,7118,7118,3600
2015-12-09 12:18:00,SBERP,7193,7206,7118,7197,7400
2015-12-09 12:19:00,SBERP,7194,7206,7118,7118,20800
2015-12-09 12:20:00,SBERP,7190,7191,7118,7184,9900
2015-12-09 12:21:00,SBERP,7184,7184,6826,7184,2900
2015-12-09 12:22:00,SBERP,7184,7189,7118,7118,1600
2015-12-09 12:23:00,SBERP,7189,7204,7118,7118,4600
2015-12-09 12:24:00,SBERP,7197,7197,7118,7118,5800
2015-12-09 12:25:00,SBERP,7193,7193,7193,7193,200
2015-12-09 12:26:00,SBERP,7193,7195,7118,7118,17800
2015-12-09 12:27:00,SBERP,7188,7195,7118,7194,6800
2015-12-09 12:28:00,SBERP,7188,7206,7118,7197,79700
2015-12-09 12:29:00,SBERP,7197,7198,7119,7119,21700
2015-12-09 12:30:00,SBERP,7197,7206,7119,7119,1400
2015-12-09 12:31:00,SBERP,7193,7193,7119,7187,33200
2015-12-09 12:32:00,SBERP,7187,7187,7186,7186,400
2015-12-09 12:33:00,SBERP,7186,7191,7119,7119,1300
2015-12-09 12:34:00,SBERP,7206,7206,7119,7184,2400
2015-12-09 12:35:00,SBERP,7184,7186,7184,7186,400
2015-12-09 12:36:00,SBERP,7186,7186,7183,7183,400
2015-12-09 12:37:00,SBERP,7183,7191,7119,7119,3600
2015-12-09 12:38:00,SBERP,7181,7183,7119,7170,149900
2015-12-09 12:39:00,SBERP,7170,7192,7118,7176,31400
2015-12-09 12:40:00,SBERP,7177,7198,7118,7118,90300
2015-12-09 12:41:00,SBERP,7186,7187,6977,7176,5500
2015-12-09 12:42:00,SBERP,7176,7176,7118,7139,142000
2015-12-09 12:43:00,SBERP,7166,7177,7118,7118,48800
2015-12-09 12:44:00,SBERP,7159,7176,7118,7167,5100
2015-12-09 12:45:00,SBERP,7170,7194,7118,7118,38600
2015-12-09 12:46:00,SBERP,7178,7178,7118,7167,22600
2015-12-09 12:47:00,SBERP,7167,7183,7118,7118,1600
2015-12-09 12:48:00,SBERP,7169,7169,7118,7165,2800
2015-12-09 12:49:00,SBERP,7165,7179,7164,7164,1000
2015-12-09 12:50:00,SBERP,7164,7169,7118,7118,25600
2015-12-09 12:51:00,SBERP,7162,7162,7118,7159,4000
2015-12-09 12:52:00,SBERP,7159,7179,7118,7118,8500
2015-12-09 12:53:00,SBERP,7165,7173,7118,7118,25800
2015-12-09 12:54:00,SBERP,7175,7180,7118,7118,11800
2015-12-09 12:55:00,SBERP,7169,7169,7118,7163,8000
2015-12-09 12:56:00,SBERP,7163,7183,7118,7118,9800
2015-12-09 12:57:00,SBERP,7178,7178,7118,7118,9200
2015-12-09 12:58:00,SBERP,7175,7186,7118,7118,1600
2015-12-09 12:59:00,SBERP,7176,7176,7118,7161,4900
2015-12-09 13:00:00,SBERP,7178,7183,7118,7118,6300
2015-12-09 13:01:00,SBERP,7178,7209,7118,7189,103800
2015-12-09 13:02:00,SBERP,7189,7250,7118,7118,8500
2015-12-09 13:03:00,SBERP,7193,7193,7191,7191,300
2015-12-09 13:04:00,SBERP,7189,7195,7118,7118,5000
2015-12-09 13:05:00,SBERP,7183,7200,7118,7118,3800
2015-12-09 13:06:00,SBERP,7190,7200,7118,7118,23500
2015-12-09 13:07:00,SBERP,7198,7276,7118,7119,215000
2015-12-09 13:08:00,SBERP,7231,7236,7119,7119,9800
2015-12-09 13:09:00,SBERP,7234,7236,7119,7119,24600
2015-12-09 13:10:00,SBERP,7214,7228,7119,7212,26400
2015-12-09 13:11:00,SBERP,7212,7520,7119,7248,459700
2015-12-09 13:12:00,SBERP,7248,7252,7123,7231,301900
2015-12-09 13:13:00,SBERP,7231,7242,7125,7231,27800
2015-12-09 13:14:00,SBERP,7241,7259,7126,7126,95400
2015-12-09 13:15:00,SBERP,7241,7245,7126,7126,28200
2015-12-09 13:16:00,SBERP,7239,7241,7126,7241,10300
2015-12-09 13:17:00,SBERP,7236,7242,7126,7240,11500
2015-12-09 13:18:00,SBERP,7248,7300,7126,7234,9800
2015-12-09 13:19:00,SBERP,7234,7237,7126,7126,34600
2015-12-09 13:20:00,SBERP,7230,7236,7126,7126,8400
2015-12-09 13:21:00,SBERP,7238,7259,7127,7127,54200
2015-12-09 13:22:00,SBERP,7253,7259,7127,7244,13400
2015-12-09 13:23:00,SBERP,7241,7250,7127,7127,23000
2015-12-09 13:24:00,SBERP,7240,7243,7127,7127,7800
2015-12-09 13:25:00,SBERP,7231,7251,7127,7127,4400
2015-12-09 13:26:00,SBERP,7254,7254,7127,7127,6000
2015-12-09 13:27:00,SBERP,7244,7245,7127,7127,19800
2015-12-09 13:28:00,SBERP,7243,7243,7127,7127,3400
2015-12-09 13:29:00,SBERP,7240,7261,7127,7127,37000
2015-12-09 13:30:00,SBERP,7253,7305,7128,7236,88400
2015-12-09 13:31:00,SBERP,7236,7244,7128,7129,100800
2015-12-09 13:32:00,SBERP,7445,7445,7129,7129,4600
2015-12-09 13:33:00,SBERP,7225,7225,7129,7129,20100
2015-12-09 13:34:00,SBERP,7220,7233,7129,7129,13400
2015-12-09 13:35:00,SBERP,7220,7220,7220,7220,300
2015-12-09 13:36:00,SBERP,7222,7222,7129,7129,23700
2015-12-09 13:37:00,SBERP,7212,7219,7129,7129,52100
2015-12-09 13:38:00,SBERP,7209,7209,7129,7129,96500
2015-12-09 13:39:00,SBERP,7209,7216,7129,7195,35200
2015-12-09 13:40:00,SBERP,7195,7220,7129,7129,26100
2015-12-09 13:41:00,SBERP,7209,7209,7129,7129,18400
2015-12-09 13:42:00,SBERP,7192,7206,7129,7129,3000
2015-12-09 13:43:00,SBERP,7201,7214,7129,7129,20000
2015-12-09 13:44:00,SBERP,7223,7223,7129,7129,25600
2015-12-09 13:45:00,SBERP,7201,7202,7129,7202,7500
2015-12-09 13:46:00,SBERP,7202,7202,7129,7129,3000
2015-12-09 13:47:00,SBERP,7195,7195,7195,7195,200
2015-12-09 13:48:00,SBERP,7198,7200,7129,7195,16200
2015-12-09 13:49:00,SBERP,7191,7198,7129,7129,4700
2015-12-09 13:50:00,SBERP,7195,7195,7195,7195,200
2015-12-09 13:51:00,SBERP,7193,7193,7129,7129,55300
2015-12-09 13:52:00,SBERP,7189,7206,7129,7198,47400
2015-12-09 13:53:00,SBERP,7206,7216,7129,7129,30600
2015-12-09 13:54:00,SBERP,7202,7202,7198,7198,500
2015-12-09 13:55:00,SBERP,7195,7197,7195,7195,400
2015-12-09 13:56:00,SBERP,7195,7203,7129,7129,3400
2015-12-09 13:57:00,SBERP,7197,7198,7129,7129,500
2015-12-09 13:58:00,SBERP,7198,7209,7129,7204,51900
2015-12-09 13:59:00,SBERP,7200,7234,7129,7223,77000
2015-12-09 14:00:00,SBERP,7223,7229,7129,7130,17100
2015-12-09 14:01:00,SBERP,7220,7220,7130,7130,3800
2015-12-09 14:02:00,SBERP,7219,7219,7130,7219,500
2015-12-09 14:03:00,SBERP,7219,7223,7219,7223,2600
2015-12-09 14:04:00,SBERP,7223,7248,7130,7231,21000
2015-12-09 14:05:00,SBERP,7231,7261,7130,7130,26600
2015-12-09 14:06:00,SBERP,7230,7290,7130,7130,18200
2015-12-09 14:07:00,SBERP,7245,7245,7130,7130,5000
2015-12-09 14:08:00,SBERP,7130,7130,7130,7130,0
2015-12-09 14:09:00,SBERP,7230,7230,7230,7230,200
2015-12-09 14:10:00,SBERP,7227,7236,7130,7130,42000
2015-12-09 14:11:00,SBERP,7218,7218,7130,7130,14400
2015-12-09 14:12:00,SBERP,7206,7240,7130,7130,77200
2015-12-09 14:13:00,SBERP,7130,7130,7130,7130,0
2015-12-09 14:14:00,SBERP,7219,7220,7130,7130,14400
2015-12-09 14:15:00,SBERP,7206,7217,7130,7213,2900
2015-12-09 14:16:00,SBERP,7213,7213,7130,7212,11900
2015-12-09 14:17:00,SBERP,7212,7212,7130,7130,14200
2015-12-09 14:18:00,SBERP,7206,7206,7130,7130,5400
2015-12-09 14:19:00,SBERP,7200,7200,7130,7130,37200
2015-12-09 14:20:00,SBERP,7197,7219,7130,7130,23400
2015-12-09 14:21:00,SBERP,7212,7212,7130,7211,14900
2015-12-09 14:22:00,SBERP,7212,7212,7130,7130,1200
2015-12-09 14:23:00,SBERP,7209,7209,7130,7130,800
2015-12-09 14:24:00,SBERP,7209,7223,7130,7130,14200
2015-12-09 14:25:00,SBERP,7218,7218,7130,7130,9000
2015-12-09 14:26:00,SBERP,7213,7220,7130,7130,2600
2015-12-09 14:27:00,SBERP,7216,7223,7130,7130,12600
2015-12-09 14:28:00,SBERP,7223,7223,7130,7130,9800
2015-12-09 14:29:00,SBERP,7213,7214,7131,7131,25200
2015-12-09 14:30:00,SBERP,7195,7203,7131,7131,15400
2015-12-09 14:31:00,SBERP,7198,7206,7130,7130,120000
2015-12-09 14:32:00,SBERP,7201,7201,7131,7131,2600
2015-12-09 14:33:00,SBERP,7195,7217,7131,7131,10400
2015-12-09 14:34:00,SBERP,7205,7205,7131,7192,15500
2015-12-09 14:35:00,SBERP,7192,7203,7130,7131,69400
2015-12-09 14:36:00,SBERP,7194,7194,7130,7130,16200
2015-12-09 14:37:00,SBERP,7190,7190,7188,7188,300
2015-12-09 14:38:00,SBERP,7188,7193,7188,7193,900
2015-12-09 14:39:00,SBERP,7188,7188,7130,7130,700
2015-12-09 14:40:00,SBERP,7193,7194,7130,7130,50600
2015-12-09 14:41:00,SBERP,7190,7193,7130,7181,64100
2015-12-09 14:42:00,SBERP,7181,7190,7130,7190,2000
2015-12-09 14:43:00,SBERP,7220,7220,7130,7130,25500
2015-12-09 14:44:00,SBERP,7190,7190,7130,7183,7600
2015-12-09 14:45:00,SBERP,7183,7183,7130,7130,17000
2015-12-09 14:46:00,SBERP,7181,7181,7130,7130,179500
2015-12-09 14:47:00,SBERP,7164,7169,7130,7130,2800
2015-12-09 14:48:00,SBERP,7161,7175,7130,7175,10900
2015-12-09 14:49:00,SBERP,7172,7172,7130,7130,1400
2015-12-09 14:50:00,SBERP,7169,7179,7130,7130,21400
2015-12-09 14:51:00,SBERP,7180,7180,7130,7173,1200
2015-12-09 14:52:00,SBERP,7173,7173,7130,7130,64500
2015-12-09 14:53:00,SBERP,7170,7170,7033,7130,1400
2015-12-09 14:54:00,SBERP,7170,7173,7130,7159,34400
2015-12-09 14:55:00,SBERP,7162,7162,7040,7129,80800
2015-12-09 14:56:00,SBERP,7150,7150,7129,7129,45500
2015-12-09 14:57:00,SBERP,7144,7195,7129,7162,81700
2015-12-09 14:58:00,SBERP,7166,7170,7129,7129,68600
2015-12-09 14:59:00,SBERP,7150,7156,7128,7154,7700
2015-12-09 15:00:00,SBERP,7154,7156,7128,7128,33000
2015-12-09 15:01:00,SBERP,7151,7159,7128,7128,9000
2015-12-09 15:02:00,SBERP,7165,7173,7128,7128,29400
2015-12-09 15:03:00,SBERP,7170,7175,7128,7128,3400
2015-12-09 15:04:00,SBERP,7175,7175,7175,7175,200
2015-12-09 15:05:00,SBERP,7173,7178,7128,7177,2500
2015-12-09 15:06:00,SBERP,7177,7177,7128,7128,24800
2015-12-09 15:07:00,SBERP,7179,7181,7128,7128,41800
2015-12-09 15:08:00,SBERP,7180,7183,7128,7128,10600
2015-12-09 15:09:00,SBERP,7181,7181,7128,7128,6200
2015-12-09 15:10:00,SBERP,7173,7173,7128,7128,10400
2015-12-09 15:11:00,SBERP,7170,7170,7128,7128,10800
2015-12-09 15:12:00,SBERP,7170,7176,7128,7169,3800
2015-12-09 15:13:00,SBERP,7172,7187,7128,7179,6600
2015-12-09 15:14:00,SBERP,7177,7183,7128,7128,9600
2015-12-09 15:15:00,SBERP,7179,7181,7128,7128,4000
2015-12-09 15:16:00,SBERP,7172,7178,7128,7175,53800
2015-12-09 15:17:00,SBERP,7175,7180,7128,7128,79800
2015-12-09 15:18:00,SBERP,7176,7176,7128,7176,4600
2015-12-09 15:19:00,SBERP,7175,7180,7128,7128,2800
2015-12-09 15:20:00,SBERP,7177,7181,7128,7128,131100
2015-12-09 15:21:00,SBERP,7180,7184,7128,7128,56400
2015-12-09 15:22:00,SBERP,7178,7178,7100,7128,18900
2015-12-09 15:23:00,SBERP,7172,7172,7128,7128,10500
2015-12-09 15:24:00,SBERP,7172,7173,7128,7128,9200
2015-12-09 15:25:00,SBERP,7176,7183,7128,7128,32000
2015-12-09 15:26:00,SBERP,7170,7176,7128,7176,6800
2015-12-09 15:27:00,SBERP,7180,7180,7128,7128,3400
2015-12-09 15:28:00,SBERP,7177,7177,7177,7177,600
2015-12-09 15:29:00,SBERP,7173,7179,7128,7179,600
2015-12-09 15:30:00,SBERP,7175,7180,7173,7178,1000
2015-12-09 15:31:00,SBERP,7173,7173,7128,7128,4000
2015-12-09 15:32:00,SBERP,7173,7173,7127,7127,8200
2015-12-09 15:33:00,SBERP,7165,7177,7127,7127,3000
2015-12-09 15:34:00,SBERP,7178,7227,7127,7128,79600
2015-12-09 15:35:00,SBERP,7203,7208,7128,7128,35900
2015-12-09 15:36:00,SBERP,7200,7201,7128,7201,8600
2015-12-09 15:37:00,SBERP,7202,7202,7128,7128,9600
2015-12-09 15:38:00,SBERP,7208,7209,7128,7128,7500
2015-12-09 15:39:00,SBERP,7211,7259,7128,7128,27400
2015-12-09 15:40:00,SBERP,7209,7209,7128,7128,23300
2015-12-09 15:41:00,SBERP,7195,7203,7128,7203,1600
2015-12-09 15:42:00,SBERP,7198,7198,7128,7128,1600
2015-12-09 15:43:00,SBERP,7197,7197,7159,7195,14400
2015-12-09 15:44:00,SBERP,7192,7197,7189,7189,88400
2015-12-09 15:45:00,SBERP,7189,7201,7180,7190,6400
2015-12-09 15:46:00,SBERP,7189,7234,7179,7192,40200
2015-12-09 15:47:00,SBERP,7190,7191,7187,7191,1600
2015-12-09 15:48:00,SBERP,7190,7190,7190,7190,2600
2015-12-09 15:49:00,SBERP,7184,7184,7184,7184,400
2015-12-09 15:50:00,SBERP,7183,7183,7183,7183,400
2015-12-09 15:51:00,SBERP,7184,7187,7184,7184,13200
2015-12-09 15:52:00,SBERP,7181,7181,7181,7181,2800
2015-12-09 15:53:00,SBERP,7180,7195,7180,7186,400
2015-12-09 15:54:00,SBERP,7201,7201,7181,7191,3000
2015-12-09 15:55:00,SBERP,7201,7202,7191,7191,2400
2015-12-09 15:56:00,SBERP,7201,7201,7188,7191,8300
2015-12-09 15:57:00,SBERP,7201,7208,7191,7192,185500
2015-12-09 15:58:00,SBERP,7191,7192,7187,7188,21600
2015-12-09 15:59:00,SBERP,7190,7190,7184,7184,11000
2015-12-09 16:00:00,SBERP,7184,7192,7164,7188,7000
2015-12-09 16:01:00,SBERP,7187,7188,7122,7181,44100
2015-12-09 16:02:00,SBERP,7181,7181,7116,7181,17800
2015-12-09 16:03:00,SBERP,7178,7178,7116,7172,1800
2015-12-09 16:04:00,SBERP,7172,7172,7172,7172,0
2015-12-09 16:05:00,SBERP,7178,7180,7116,7177,4200
2015-12-09 16:06:00,SBERP,7180,7190,7116,7116,20800
2015-12-09 16:07:00,SBERP,7179,7179,7179,7179,200
2015-12-09 16:08:00,SBERP,7184,7187,6820,7187,14100
2015-12-09 16:09:00,SBERP,7180,7180,7180,7180,400
2015-12-09 16:10:00,SBERP,7184,7184,7181,7181,300
2015-12-09 16:11:00,SBERP,7184,7184,7116,7181,7200
2015-12-09 16:12:00,SBERP,7184,7192,7117,7119,52600
2015-12-09 16:13:00,SBERP,7183,7183,7183,7183,400
2015-12-09 16:14:00,SBERP,7183,7183,7183,7183,200
2015-12-09 16:15:00,SBERP,7183,7184,7119,7184,600
2015-12-09 16:16:00,SBERP,7184,7189,7119,7183,14200
2015-12-09 16:17:00,SBERP,7183,7183,7119,7183,800
2015-12-09 16:18:00,SBERP,7183,7194,7119,7119,5600
2015-12-09 16:19:00,SBERP,7188,7190,7119,7119,600
2015-12-09 16:20:00,SBERP,7187,7187,7187,7187,200
2015-12-09 16:21:00,SBERP,7186,7186,7119,7119,8400
2015-12-09 16:22:00,SBERP,7180,7180,7119,7180,400
2015-12-09 16:23:00,SBERP,7184,7184,7184,7184,200
2015-12-09 16:24:00,SBERP,7189,7189,7119,7119,45800
2015-12-09 16:25:00,SBERP,7181,7181,7119,7178,3400
2015-12-09 16:26:00,SBERP,7178,7181,7119,7181,8700
2015-12-09 16:27:00,SBERP,7180,7184,7119,7180,9000
2015-12-09 16:28:00,SBERP,7180,7180,7178,7178,600
2015-12-09 16:29:00,SBERP,7178,7193,7119,7180,1400
2015-12-09 16:30:00,SBERP,7180,7209,7119,7120,169100
2015-12-09 16:31:00,SBERP,7203,7209,7198,7200,800
2015-12-09 16:32:00,SBERP,7200,7200,7120,7190,10400
2015-12-09 16:33:00,SBERP,7190,7209,7120,7200,126800
2015-12-09 16:34:00,SBERP,7200,7209,7123,7200,38400
2015-12-09 16:35:00,SBERP,7200,7230,7125,7200,213800
2015-12-09 16:36:00,SBERP,7200,7209,7127,7128,132200
2015-12-09 16:37:00,SBERP,7208,7208,7128,7128,8200
2015-12-09 16:38:00,SBERP,7195,7195,7128,7184,46000
2015-12-09 16:39:00,SBERP,7184,7209,7128,7128,7500
2015-12-09 16:40:00,SBERP,7209,7209,7128,7128,67800
2015-12-09 16:41:00,SBERP,7193,7198,7128,7184,24600
2015-12-09 16:42:00,SBERP,7184,7198,7128,7128,7600
2015-12-09 16:43:00,SBERP,7184,7186,7128,7128,22300
2015-12-09 16:44:00,SBERP,7184,7194,7128,7128,77400
2015-12-09 16:45:00,SBERP,7193,7193,7128,7128,1400
2015-12-09 16:46:00,SBERP,7190,7209,7128,7128,10900
2015-12-09 16:47:00,SBERP,7195,7209,7128,7128,38400
2015-12-09 16:48:00,SBERP,7198,7209,7128,7128,28600
2015-12-09 16:49:00,SBERP,7191,7209,7128,7128,19200
2015-12-09 16:50:00,SBERP,7195,7209,7128,7129,108900
2015-12-09 16:51:00,SBERP,7200,7380,7129,7129,41000
2015-12-09 16:52:00,SBERP,7193,7238,7129,7208,141300
2015-12-09 16:53:00,SBERP,7208,7209,7130,7201,21000
2015-12-09 16:54:00,SBERP,7194,7201,7130,7197,2600
2015-12-09 16:55:00,SBERP,7197,7197,7130,7193,7600
2015-12-09 16:56:00,SBERP,7193,7206,7130,7190,12700
2015-12-09 16:57:00,SBERP,7193,7197,7130,7130,3300
2015-12-09 16:58:00,SBERP,7192,7205,7130,7130,4200
2015-12-09 16:59:00,SBERP,7203,7203,7130,7173,3400
2015-12-09 17:00:00,SBERP,7195,7220,7130,7131,346000
2015-12-09 17:01:00,SBERP,7202,7204,7131,7191,24800
2015-12-09 17:02:00,SBERP,7193,7204,7131,7131,23900
2015-12-09 17:03:00,SBERP,7204,7204,7131,7131,19200
2015-12-09 17:04:00,SBERP,7202,7204,7131,7131,13200
2015-12-09 17:05:00,SBERP,7193,7208,7131,7186,55600
2015-12-09 17:06:00,SBERP,7195,7203,7130,7130,147200
2015-12-09 17:07:00,SBERP,7193,7204,7130,7189,5200
2015-12-09 17:08:00,SBERP,7189,7197,7130,7130,13000
2015-12-09 17:09:00,SBERP,7186,7186,7130,7130,400
2015-12-09 17:10:00,SBERP,7201,7203,7130,7130,73000
2015-12-09 17:11:00,SBERP,7189,7212,7130,7130,38400
2015-12-09 17:12:00,SBERP,7184,7216,7129,7186,153000
2015-12-09 17:13:00,SBERP,7187,7223,7129,7129,85000
2015-12-09 17:14:00,SBERP,7184,7192,7129,7184,24800
2015-12-09 17:15:00,SBERP,7184,7215,7128,7128,334600
2015-12-09 17:16:00,SBERP,7193,7218,7128,7128,194600
2015-12-09 17:17:00,SBERP,7193,7203,7128,7184,18600
2015-12-09 17:18:00,SBERP,7184,7189,7128,7128,65300
2015-12-09 17:19:00,SBERP,7186,7187,7128,7128,55200
2015-12-09 17:20:00,SBERP,7188,7188,7181,7181,400
2015-12-09 17:21:00,SBERP,7181,7190,7128,7128,44600
2015-12-09 17:22:00,SBERP,7181,7190,7128,7128,36200
2015-12-09 17:23:00,SBERP,7190,7202,7128,7128,47600
2015-12-09 17:24:00,SBERP,7200,7209,7128,7128,8400
2015-12-09 17:25:00,SBERP,7201,7202,7128,7128,30000
2015-12-09 17:26:00,SBERP,7197,7197,7128,7189,16400
2015-12-09 17:27:00,SBERP,7189,7194,7128,7189,1700
2015-12-09 17:28:00,SBERP,7189,7201,7123,7128,21900
2015-12-09 17:29:00,SBERP,7204,7206,7128,7128,13300
2015-12-09 17:30:00,SBERP,7197,7206,7128,7128,119000
2015-12-09 17:31:00,SBERP,7198,7198,7128,7197,12600
2015-12-09 17:32:00,SBERP,7197,7203,7128,7128,27000
2015-12-09 17:33:00,SBERP,7202,7202,7128,7186,15400
2015-12-09 17:34:00,SBERP,7186,7190,7128,7128,9200
2015-12-09 17:35:00,SBERP,7183,7184,7128,7128,63800
2015-12-09 17:36:00,SBERP,7184,7197,7127,7128,104000
2015-12-09 17:37:00,SBERP,7198,7198,7127,7128,22600
2015-12-09 17:38:00,SBERP,7194,7219,7127,7128,76000
2015-12-09 17:39:00,SBERP,7181,7190,7127,7128,8200
2015-12-09 17:40:00,SBERP,7181,7193,7127,7128,20400
2015-12-09 17:41:00,SBERP,7189,7198,7127,7128,18900
2015-12-09 17:42:00,SBERP,7198,7265,7127,7218,140500
2015-12-09 17:43:00,SBERP,7218,7231,7128,7128,54800
2015-12-09 17:44:00,SBERP,7205,7225,7128,7209,7000
2015-12-09 17:45:00,SBERP,7220,7225,7128,7128,15800
2015-12-09 17:46:00,SBERP,7209,7220,7128,7128,20600
2015-12-09 17:47:00,SBERP,7215,7227,7128,7128,12400
2015-12-09 17:48:00,SBERP,7214,7220,7129,7129,30200
2015-12-09 17:49:00,SBERP,7209,7219,7129,7129,11100
2015-12-09 17:50:00,SBERP,7202,7208,7129,7129,78600
2015-12-09 17:51:00,SBERP,7189,7209,7129,7209,50200
2015-12-09 17:52:00,SBERP,7209,7209,7129,7175,11000
2015-12-09 17:53:00,SBERP,7195,7213,7129,7129,8400
2015-12-09 17:54:00,SBERP,7197,7220,7129,7197,17700
2015-12-09 17:55:00,SBERP,7198,7275,7129,7130,137200
2015-12-09 17:56:00,SBERP,7230,7240,7130,7130,66600
2015-12-09 17:57:00,SBERP,7208,7226,7130,7130,6200
2015-12-09 17:58:00,SBERP,7208,7220,7130,7130,22000
2015-12-09 17:59:00,SBERP,7209,7223,7130,7130,9800
2015-12-09 18:00:00,SBERP,7208,7220,7130,7220,16000
2015-12-09 18:01:00,SBERP,7220,7281,7130,7131,74600
2015-12-09 18:02:00,SBERP,7222,7230,7131,7131,29600
2015-12-09 18:03:00,SBERP,7231,7234,7131,7131,20100
2015-12-09 18:04:00,SBERP,7217,7226,7131,7131,37100
2015-12-09 18:05:00,SBERP,7226,7226,7131,7211,6400
2015-12-09 18:06:00,SBERP,7211,7211,7131,7211,5800
2015-12-09 18:07:00,SBERP,7211,7225,7131,7209,6800
2015-12-09 18:08:00,SBERP,7209,7225,7131,7131,22200
2015-12-09 18:09:00,SBERP,7218,7300,7131,7236,195000
2015-12-09 18:10:00,SBERP,7236,7300,7133,7250,208400
2015-12-09 18:11:00,SBERP,7250,7405,7134,7137,210100
2015-12-09 18:12:00,SBERP,7255,7277,7137,7252,55100
2015-12-09 18:13:00,SBERP,7253,7278,7137,7268,144000
2015-12-09 18:14:00,SBERP,7269,7290,7141,7142,285400
2015-12-09 18:15:00,SBERP,7280,7287,7142,7270,29400
2015-12-09 18:16:00,SBERP,7280,7280,7142,7143,21100
2015-12-09 18:17:00,SBERP,7279,7281,7143,7143,35000
2015-12-09 18:18:00,SBERP,7261,7267,7143,7143,19400
2015-12-09 18:19:00,SBERP,7264,7268,7143,7264,28400
2015-12-09 18:20:00,SBERP,7264,7276,7143,7144,16400
2015-12-09 18:21:00,SBERP,7263,7272,7144,7144,84900
2015-12-09 18:22:00,SBERP,7258,7356,7144,7145,65500
2015-12-09 18:23:00,SBERP,7273,7273,7145,7255,12000
2015-12-09 18:24:00,SBERP,7256,7265,7145,7145,8200
2015-12-09 18:25:00,SBERP,7254,7270,7145,7165,15500
2015-12-09 18:26:00,SBERP,7256,7270,7165,7259,166900
2015-12-09 18:27:00,SBERP,7264,7266,7167,7167,10000
2015-12-09 18:28:00,SBERP,7251,7253,7167,7167,17000
2015-12-09 18:29:00,SBERP,7245,7259,7167,7256,75600
2015-12-09 18:30:00,SBERP,7259,7287,7231,7273,291800
2015-12-09 18:31:00,SBERP,7273,7284,7266,7270,74100
2015-12-09 18:32:00,SBERP,7284,7284,7264,7275,60300
2015-12-09 18:33:00,SBERP,7268,7359,7268,7287,119500
2015-12-09 18:34:00,SBERP,7289,7298,7276,7287,19600
2015-12-09 18:35:00,SBERP,7287,7297,7192,7289,48300
2015-12-09 18:36:00,SBERP,7295,7306,7284,7295,94200
2015-12-09 18:37:00,SBERP,7298,7309,7268,7289,45200
2015-12-09 18:38:00,SBERP,7290,7295,7244,7294,62100
2015-12-09 18:39:00,SBERP,7295,7309,7280,7295,23000
